Unity Editor version:    2022.3.59f1 (630718f645a5)
Branch:                  2022.3/staging
Build type:              Release
Batch mode:              YES
System name:             Linux
Distro version:          #202405300957~1738770968~22.04~d5f7c84 SMP PREEMPT_DYNAMIC Wed F
Kernel version:          6.9.3-76060903-generic
Architecture:            x86_64
Available memory:        7745 MB
Using pre-set license
Pro License: YES
Desktop is 1366 x 768 @ 60 Hz
Initialize udev device monitor.

COMMAND LINE ARGUMENTS:
Unity
-adb2
-batchMode
-noUpm
-name
AssetImportWorker1
-projectPath
/home/samip/Week9MathRunner
-logFile
Logs/AssetImportWorker1.log
-srvPort
36599
Successfully changed project path to: /home/samip/Week9MathRunner
/home/samip/Week9MathRunner
[UnityMemory] Configuration Parameters - Can be set up in boot.config
    "memorysetup-bucket-allocator-granularity=16"
    "memorysetup-bucket-allocator-bucket-count=8"
    "memorysetup-bucket-allocator-block-size=33554432"
    "memorysetup-bucket-allocator-block-count=8"
    "memorysetup-main-allocator-block-size=16777216"
    "memorysetup-thread-allocator-block-size=16777216"
    "memorysetup-gfx-main-allocator-block-size=16777216"
    "memorysetup-gfx-thread-allocator-block-size=16777216"
    "memorysetup-cache-allocator-block-size=4194304"
    "memorysetup-typetree-allocator-block-size=2097152"
    "memorysetup-profiler-bucket-allocator-granularity=16"
    "memorysetup-profiler-bucket-allocator-bucket-count=8"
    "memorysetup-profiler-bucket-allocator-block-size=33554432"
    "memorysetup-profiler-bucket-allocator-block-count=8"
    "memorysetup-profiler-allocator-block-size=16777216"
    "memorysetup-profiler-editor-allocator-block-size=1048576"
    "memorysetup-temp-allocator-size-main=16777216"
    "memorysetup-job-temp-allocator-block-size=2097152"
    "memorysetup-job-temp-allocator-block-size-background=1048576"
    "memorysetup-job-temp-allocator-reduction-small-platforms=262144"
    "memorysetup-allocator-temp-initial-block-size-main=262144"
    "memorysetup-allocator-temp-initial-block-size-worker=262144"
    "memorysetup-temp-allocator-size-background-worker=32768"
    "memorysetup-temp-allocator-size-job-worker=262144"
    "memorysetup-temp-allocator-size-preload-manager=33554432"
    "memorysetup-temp-allocator-size-nav-mesh-worker=65536"
    "memorysetup-temp-allocator-size-audio-worker=65536"
    "memorysetup-temp-allocator-size-cloud-worker=32768"
    "memorysetup-temp-allocator-size-gi-baking-worker=262144"
    "memorysetup-temp-allocator-size-gfx=262144"
Player connection [139253826913216]  Target information:

Player connection [139253826913216]  * "[IP] 192.168.1.84 [Port] 0 [Flags] 2 [Guid] 4174998980 [EditorId] 4174998980 [Version] 1048832 [Id] LinuxEditor(16,192.168.1.84) [Debug] 1 [PackageName] LinuxEditor [ProjectName] Editor" 

Player connection [139253826913216] Host joined multi-casting on [225.0.0.222:54997]...
Player connection [139253826913216] Host joined alternative multi-casting on [225.0.0.222:34997]...
Input System module state changed to: Initialized.
[PhysX] Initialized MultithreadedTaskDispatcher with 8 workers.
Refreshing native plugins compatible for Editor in 7.58 ms, found 0 plugins.
Preloading 0 native plugins for Editor in 0.00 ms.
Initialize engine version: 2022.3.59f1 (630718f645a5)
[Subsystems] Discovering subsystems at path /home/samip/Unity/Hub/Editor/2022.3.59f1/Editor/Data/Resources/UnitySubsystems
[Subsystems] Discovering subsystems at path /home/samip/Week9MathRunner/Assets
GLX Extensions: GLX_ARB_context_flush_control GLX_ARB_create_context GLX_ARB_create_context_no_error GLX_ARB_create_context_profile GLX_ARB_create_context_robustness GLX_ARB_fbconfig_float GLX_ARB_framebuffer_sRGB GLX_ARB_get_proc_address GLX_ARB_multisample GLX_EXT_buffer_age GLX_EXT_create_context_es2_profile GLX_EXT_create_context_es_profile GLX_EXT_fbconfig_packed_float GLX_EXT_framebuffer_sRGB GLX_EXT_no_config_context GLX_EXT_swap_control GLX_EXT_swap_control_tear GLX_EXT_texture_from_pixmap GLX_EXT_visual_info GLX_EXT_visual_rating GLX_INTEL_swap_event GLX_MESA_copy_sub_buffer GLX_MESA_gl_interop GLX_MESA_query_renderer GLX_MESA_swap_control GLX_OML_sync_control GLX_SGIS_multisample GLX_SGIX_fbconfig GLX_SGIX_pbuffer GLX_SGIX_visual_select_group GLX_SGI_make_current_read GLX_SGI_swap_control GLX_SGI_video_sync 
Renderer: Mesa Intel(R) UHD Graphics (CML GT2)
Vendor:   Intel
Version:  4.6 (Core Profile) Mesa 24.0.3-1pop1~1711635559~22.04~7a9f319
GLES:     0
 GL_3DFX_texture_compression_FXT1 GL_AMD_conservative_depth GL_AMD_depth_clamp_separate GL_AMD_draw_buffers_blend GL_AMD_gpu_shader_int64 GL_AMD_multi_draw_indirect GL_AMD_performance_monitor GL_AMD_pinned_memory GL_AMD_query_buffer_object GL_AMD_seamless_cubemap_per_texture GL_AMD_shader_stencil_export GL_AMD_shader_trinary_minmax GL_AMD_texture_texture4 GL_AMD_vertex_shader_layer GL_AMD_vertex_shader_viewport_index GL_ANGLE_texture_compression_dxt3 GL_ANGLE_texture_compression_dxt5 GL_ARB_ES2_compatibility GL_ARB_ES3_1_compatibility GL_ARB_ES3_2_compatibility GL_ARB_ES3_compatibility GL_ARB_arrays_of_arrays GL_ARB_base_instance GL_ARB_blend_func_extended GL_ARB_buffer_storage GL_ARB_clear_buffer_object GL_ARB_clear_texture GL_ARB_clip_control GL_ARB_compressed_texture_pixel_storage GL_ARB_compute_shader GL_ARB_compute_variable_group_size GL_ARB_conditional_render_inverted GL_ARB_conservative_depth GL_ARB_copy_buffer GL_ARB_copy_image GL_ARB_cull_distance GL_ARB_debug_output GL_ARB_depth_buffer_float GL_ARB
_depth_clamp GL_ARB_derivative_control GL_ARB_direct_state_access GL_ARB_draw_buffers GL_ARB_draw_buffers_blend GL_ARB_draw_elements_base_vertex GL_ARB_draw_indirect GL_ARB_draw_instanced GL_ARB_enhanced_layouts GL_ARB_explicit_attrib_location GL_ARB_explicit_uniform_location GL_ARB_fragment_coord_conventions GL_ARB_fragment_layer_viewport GL_ARB_fragment_shader GL_ARB_fragment_shader_interlock GL_ARB_framebuffer_no_attachments GL_ARB_framebuffer_object GL_ARB_framebuffer_sRGB GL_ARB_get_program_binary GL_ARB_get_texture_sub_image GL_ARB_gl_spirv GL_ARB_gpu_shader5 GL_ARB_gpu_shader_fp64 GL_ARB_gpu_shader_int64 GL_ARB_half_float_pixel GL_ARB_half_float_vertex GL_ARB_indirect_parameters GL_ARB_instanced_arrays GL_ARB_internalformat_query GL_ARB_internalformat_query2 GL_ARB_invalidate_subdata GL_ARB_map_buffer_alignment GL_ARB_map_buffer_range GL_ARB_multi_bind GL_ARB_multi_draw_indirect GL_ARB_occlusion_query2 GL_ARB_parallel_shader_compile GL_ARB_pipeline_statistics_query GL_ARB_pixel_buffer_object GL_ARB_po
int_sprite GL_ARB_polygon_offset_clamp GL_ARB_post_depth_coverage GL_ARB_program_interface_query GL_ARB_provoking_vertex GL_ARB_query_buffer_object GL_ARB_robust_buffer_access_behavior GL_ARB_robustness GL_ARB_sample_shading GL_ARB_sampler_objects GL_ARB_seamless_cube_map GL_ARB_seamless_cubemap_per_texture GL_ARB_separate_shader_objects GL_ARB_shader_atomic_counter_ops GL_ARB_shader_atomic_counters GL_ARB_shader_ballot GL_ARB_shader_bit_encoding GL_ARB_shader_clock GL_ARB_shader_draw_parameters GL_ARB_shader_group_vote GL_ARB_shader_image_load_store GL_ARB_shader_image_size GL_ARB_shader_objects GL_ARB_shader_precision GL_ARB_shader_stencil_export GL_ARB_shader_storage_buffer_object GL_ARB_shader_subroutine GL_ARB_shader_texture_image_samples GL_ARB_shader_texture_lod GL_ARB_shader_viewport_layer_array GL_ARB_shading_language_420pack GL_ARB_shading_language_include GL_ARB_shading_language_packing GL_ARB_spirv_extensions GL_ARB_stencil_texturing GL_ARB_sync GL_ARB_tessellation_shader GL_ARB_texture_barrier G
L_ARB_texture_border_clamp GL_ARB_texture_buffer_object GL_ARB_texture_buffer_object_rgb32 GL_ARB_texture_buffer_range GL_ARB_texture_compression_bptc GL_ARB_texture_compression_rgtc GL_ARB_texture_cube_map_array GL_ARB_texture_filter_anisotropic GL_ARB_texture_float GL_ARB_texture_gather GL_ARB_texture_mirror_clamp_to_edge GL_ARB_texture_multisample GL_ARB_texture_non_power_of_two GL_ARB_texture_query_levels GL_ARB_texture_query_lod GL_ARB_texture_rectangle GL_ARB_texture_rg GL_ARB_texture_rgb10_a2ui GL_ARB_texture_stencil8 GL_ARB_texture_storage GL_ARB_texture_storage_multisample GL_ARB_texture_swizzle GL_ARB_texture_view GL_ARB_timer_query GL_ARB_transform_feedback2 GL_ARB_transform_feedback3 GL_ARB_transform_feedback_instanced GL_ARB_transform_feedback_overflow_query GL_ARB_uniform_buffer_object GL_ARB_vertex_array_bgra GL_ARB_vertex_array_object GL_ARB_vertex_attrib_64bit GL_ARB_vertex_attrib_binding GL_ARB_vertex_buffer_object GL_ARB_vertex_shader GL_ARB_vertex_type_10f_11f_11f_rev GL_ARB_vertex_type_2
_10_10_10_rev GL_ARB_viewport_array GL_ATI_blend_equation_separate GL_ATI_texture_float GL_EXT_EGL_image_storage GL_EXT_EGL_sync GL_EXT_abgr GL_EXT_blend_equation_separate GL_EXT_debug_label GL_EXT_demote_to_helper_invocation GL_EXT_draw_buffers2 GL_EXT_draw_instanced GL_EXT_framebuffer_blit GL_EXT_framebuffer_multisample GL_EXT_framebuffer_multisample_blit_scaled GL_EXT_framebuffer_object GL_EXT_framebuffer_sRGB GL_EXT_memory_object GL_EXT_memory_object_fd GL_EXT_packed_depth_stencil GL_EXT_packed_float GL_EXT_pixel_buffer_object GL_EXT_polygon_offset_clamp GL_EXT_provoking_vertex GL_EXT_semaphore GL_EXT_semaphore_fd GL_EXT_shader_framebuffer_fetch GL_EXT_shader_framebuffer_fetch_non_coherent GL_EXT_shader_integer_mix GL_EXT_shader_samples_identical GL_EXT_texture_array GL_EXT_texture_compression_dxt1 GL_EXT_texture_compression_rgtc GL_EXT_texture_compression_s3tc GL_EXT_texture_filter_anisotropic GL_EXT_texture_integer GL_EXT_texture_sRGB GL_EXT_texture_sRGB_R8 GL_EXT_texture_sRGB_decode GL_EXT_texture_sha
dow_lod GL_EXT_texture_shared_exponent GL_EXT_texture_snorm GL_EXT_texture_swizzle GL_EXT_timer_query GL_EXT_transform_feedback GL_EXT_vertex_array_bgra GL_EXT_vertex_attrib_64bit GL_IBM_multimode_draw_arrays GL_INTEL_blackhole_render GL_INTEL_conservative_rasterization GL_INTEL_performance_query GL_INTEL_shader_atomic_float_minmax GL_INTEL_shader_integer_functions2 GL_KHR_blend_equation_advanced GL_KHR_blend_equation_advanced_coherent GL_KHR_context_flush_control GL_KHR_debug GL_KHR_no_error GL_KHR_parallel_shader_compile GL_KHR_robust_buffer_access_behavior GL_KHR_robustness GL_KHR_texture_compression_astc_ldr GL_KHR_texture_compression_astc_sliced_3d GL_MESA_framebuffer_flip_y GL_MESA_pack_invert GL_MESA_shader_integer_functions GL_MESA_texture_const_bandwidth GL_MESA_texture_signed_rgba GL_NV_alpha_to_coverage_dither_control GL_NV_compute_shader_derivatives GL_NV_conditional_render GL_NV_copy_image GL_NV_depth_clamp GL_NV_fragment_shader_interlock GL_NV_packed_depth_stencil GL_NV_texture_barrier GL_OES_E
GL_image GL_S3_s3tc
OPENGL LOG: Creating OpenGL 4.6 graphics device ; Context level  <OpenGL 4.5> ; Context handle 1304420864
Initialize mono
Mono path[0] = '/home/samip/Unity/Hub/Editor/2022.3.59f1/Editor/Data/Managed'
Mono path[1] = '/home/samip/Unity/Hub/Editor/2022.3.59f1/Editor/Data/MonoBleedingEdge/lib/mono/unityjit-linux'
Mono config path = '/home/samip/Unity/Hub/Editor/2022.3.59f1/Editor/Data/MonoBleedingEdge/etc'
Using monoOptions --debugger-agent=transport=dt_socket,embedding=1,server=y,suspend=n,address=127.0.0.1:56274
Begin MonoManager ReloadAssembly
Registering precompiled unity dll's ...
Register platform support module: /home/samip/Unity/Hub/Editor/2022.3.59f1/Editor/Data/PlaybackEngines/LinuxStandaloneSupport/UnityEditor.LinuxStandalone.Extensions.dll
Registered in 0.034681 seconds.
- Loaded All Assemblies, in  1.446 seconds
Native extension for LinuxStandalone target not found
Mono: successfully reloaded assembly
- Finished resetting the current domain, in  1.387 seconds
Domain Reload Profiling: 2834ms
	BeginReloadAssembly (292ms)
		ExecutionOrderSort (0ms)
		DisableScriptedObjects (0ms)
		BackupInstance (0ms)
		ReleaseScriptingObjects (0ms)
		CreateAndSetChildDomain (3ms)
	RebuildCommonClasses (142ms)
	RebuildNativeTypeToScriptingClass (36ms)
	initialDomainReloadingComplete (267ms)
	LoadAllAssembliesAndSetupDomain (708ms)
		LoadAssemblies (288ms)
		RebuildTransferFunctionScriptingTraits (0ms)
		AnalyzeDomain (703ms)
			TypeCache.Refresh (696ms)
				TypeCache.ScanAssembly (636ms)
			ScanForSourceGeneratedMonoScriptInfo (2ms)
			ResolveRequiredComponents (2ms)
	FinalizeReload (1389ms)
		ReleaseScriptCaches (0ms)
		RebuildScriptCaches (0ms)
		SetupLoadedEditorAssemblies (1148ms)
			LogAssemblyErrors (0ms)
			InitializePlatformSupportModulesInManaged (168ms)
			SetLoadedEditorAssemblies (34ms)
			RefreshPlugins (0ms)
			BeforeProcessingInitializeOnLoad (9ms)
			ProcessInitializeOnLoadAttributes (717ms)
			ProcessInitializeOnLoadMethodAttributes (220ms)
			AfterProcessingInitializeOnLoad (0ms)
			EditorAssembliesLoaded (0ms)
		ExecutionOrderSort2 (0ms)
		AwakeInstancesAfterBackupRestoration (0ms)
========================================================================
Worker process is ready to serve import requests
Caller must complete domain reload
Begin MonoManager ReloadAssembly
- Loaded All Assemblies, in  2.413 seconds
Native extension for LinuxStandalone target not found
Mono: successfully reloaded assembly
- Finished resetting the current domain, in  2.622 seconds
Domain Reload Profiling: 5035ms
	BeginReloadAssembly (492ms)
		ExecutionOrderSort (0ms)
		DisableScriptedObjects (24ms)
		BackupInstance (0ms)
		ReleaseScriptingObjects (1ms)
		CreateAndSetChildDomain (91ms)
	RebuildCommonClasses (149ms)
	RebuildNativeTypeToScriptingClass (37ms)
	initialDomainReloadingComplete (206ms)
	LoadAllAssembliesAndSetupDomain (1527ms)
		LoadAssemblies (946ms)
		RebuildTransferFunctionScriptingTraits (0ms)
		AnalyzeDomain (810ms)
			TypeCache.Refresh (713ms)
				TypeCache.ScanAssembly (662ms)
			ScanForSourceGeneratedMonoScriptInfo (66ms)
			ResolveRequiredComponents (27ms)
	FinalizeReload (2624ms)
		ReleaseScriptCaches (0ms)
		RebuildScriptCaches (0ms)
		SetupLoadedEditorAssemblies (1834ms)
			LogAssemblyErrors (0ms)
			InitializePlatformSupportModulesInManaged (148ms)
			SetLoadedEditorAssemblies (26ms)
			RefreshPlugins (0ms)
			BeforeProcessingInitializeOnLoad (243ms)
			ProcessInitializeOnLoadAttributes (1311ms)
			ProcessInitializeOnLoadMethodAttributes (91ms)
			AfterProcessingInitializeOnLoad (15ms)
			EditorAssembliesLoaded (0ms)
		ExecutionOrderSort2 (0ms)
		AwakeInstancesAfterBackupRestoration (18ms)
Launched and connected shader compiler UnityShaderCompiler after 0.03 seconds
Refreshing native plugins compatible for Editor in 2.24 ms, found 0 plugins.
Preloading 0 native plugins for Editor in 0.00 ms.
Unloading 3185 Unused Serialized files (Serialized files now loaded: 0)
Unloading 19 unused Assets / (45.3 KB). Loaded Objects now: 3652.
Memory consumption went from 119.6 MB to 119.5 MB.
Total: 9.007754 ms (FindLiveObjects: 0.443299 ms CreateObjectMapping: 0.408351 ms MarkObjects: 7.734278 ms  DeleteObjects: 0.418297 ms)

AssetImportParameters requested are different than current active one (requested -> active):
  custom:container-demuxer-ogg: 62fdf1f143b41e24485cea50d1cbac27 -> 
  custom:video-decoder-ogg-theora: a1e56fd34408186e4bbccfd4996cb3dc -> 
  custom:CustomObjectIndexerAttribute: 232f87dd983dbecb2a4e21e08eb2cef8 -> 
  custom:container-demuxer-webm: 4f35f7cbe854078d1ac9338744f61a02 -> 
  custom:container-muxer-webm: aa71ff27fc2769a1b78a27578f13a17b -> 
  custom:video-decoder-webm-vp8: 9c59270c3fd7afecdb556c50c9e8de78 -> 
  custom:SearchIndexIgnoredProperties: e643bd26f0fe6173181afceb89e7c659 -> 
  custom:AudioImporter_EditorPlatform: 2f0ff77a95e0ac474e3e8eeba4e2f7cb -> 
  custom:video-encoder-webm-vp8: eb34c28f22e8b96e1ab97ce403110664 -> 
  custom:audio-decoder-ogg-vorbis: bf7c407c2cedff20999df2af8eb42d56 -> 
  custom:audio-encoder-webm-vorbis: bf7c407c2cedff20999df2af8eb42d56 -> 
========================================================================
Received Prepare
Caller must complete domain reload
Begin MonoManager ReloadAssembly
- Loaded All Assemblies, in  1.420 seconds
Native extension for LinuxStandalone target not found
Mono: successfully reloaded assembly
- Finished resetting the current domain, in  2.883 seconds
Domain Reload Profiling: 4302ms
	BeginReloadAssembly (466ms)
		ExecutionOrderSort (0ms)
		DisableScriptedObjects (25ms)
		BackupInstance (0ms)
		ReleaseScriptingObjects (0ms)
		CreateAndSetChildDomain (118ms)
	RebuildCommonClasses (144ms)
	RebuildNativeTypeToScriptingClass (45ms)
	initialDomainReloadingComplete (113ms)
	LoadAllAssembliesAndSetupDomain (650ms)
		LoadAssemblies (817ms)
		RebuildTransferFunctionScriptingTraits (0ms)
		AnalyzeDomain (49ms)
			TypeCache.Refresh (20ms)
				TypeCache.ScanAssembly (0ms)
			ScanForSourceGeneratedMonoScriptInfo (0ms)
			ResolveRequiredComponents (24ms)
	FinalizeReload (2884ms)
		ReleaseScriptCaches (0ms)
		RebuildScriptCaches (0ms)
		SetupLoadedEditorAssemblies (1595ms)
			LogAssemblyErrors (0ms)
			InitializePlatformSupportModulesInManaged (118ms)
			SetLoadedEditorAssemblies (22ms)
			RefreshPlugins (0ms)
			BeforeProcessingInitializeOnLoad (250ms)
			ProcessInitializeOnLoadAttributes (1104ms)
			ProcessInitializeOnLoadMethodAttributes (85ms)
			AfterProcessingInitializeOnLoad (16ms)
			EditorAssembliesLoaded (0ms)
		ExecutionOrderSort2 (0ms)
		AwakeInstancesAfterBackupRestoration (20ms)
Refreshing native plugins compatible for Editor in 3.43 ms, found 0 plugins.
Preloading 0 native plugins for Editor in 0.00 ms.
Unloading 3165 Unused Serialized files (Serialized files now loaded: 0)
Unloading 14 unused Assets / (28.4 KB). Loaded Objects now: 3655.
Memory consumption went from 115.7 MB to 115.6 MB.
Total: 13.180679 ms (FindLiveObjects: 0.933381 ms CreateObjectMapping: 0.806213 ms MarkObjects: 11.253595 ms  DeleteObjects: 0.182397 ms)

Prepare: number of updated asset objects reloaded= 0
AssetImportParameters requested are different than current active one (requested -> active):
  custom:container-demuxer-ogg: 62fdf1f143b41e24485cea50d1cbac27 -> 
  custom:video-decoder-ogg-theora: a1e56fd34408186e4bbccfd4996cb3dc -> 
  custom:CustomObjectIndexerAttribute: 232f87dd983dbecb2a4e21e08eb2cef8 -> 
  custom:container-demuxer-webm: 4f35f7cbe854078d1ac9338744f61a02 -> 
  custom:container-muxer-webm: aa71ff27fc2769a1b78a27578f13a17b -> 
  custom:video-decoder-webm-vp8: 9c59270c3fd7afecdb556c50c9e8de78 -> 
  custom:SearchIndexIgnoredProperties: e643bd26f0fe6173181afceb89e7c659 -> 
  custom:AudioImporter_EditorPlatform: 2f0ff77a95e0ac474e3e8eeba4e2f7cb -> 
  custom:video-encoder-webm-vp8: eb34c28f22e8b96e1ab97ce403110664 -> 
  custom:audio-decoder-ogg-vorbis: bf7c407c2cedff20999df2af8eb42d56 -> 
  custom:audio-encoder-webm-vorbis: bf7c407c2cedff20999df2af8eb42d56 -> 
========================================================================
Received Prepare
Caller must complete domain reload
Begin MonoManager ReloadAssembly
- Loaded All Assemblies, in  1.549 seconds
Native extension for LinuxStandalone target not found
Mono: successfully reloaded assembly
- Finished resetting the current domain, in  3.358 seconds
Domain Reload Profiling: 4908ms
	BeginReloadAssembly (496ms)
		ExecutionOrderSort (0ms)
		DisableScriptedObjects (32ms)
		BackupInstance (0ms)
		ReleaseScriptingObjects (0ms)
		CreateAndSetChildDomain (106ms)
	RebuildCommonClasses (152ms)
	RebuildNativeTypeToScriptingClass (44ms)
	initialDomainReloadingComplete (122ms)
	LoadAllAssembliesAndSetupDomain (734ms)
		LoadAssemblies (947ms)
		RebuildTransferFunctionScriptingTraits (0ms)
		AnalyzeDomain (57ms)
			TypeCache.Refresh (22ms)
				TypeCache.ScanAssembly (0ms)
			ScanForSourceGeneratedMonoScriptInfo (1ms)
			ResolveRequiredComponents (30ms)
	FinalizeReload (3361ms)
		ReleaseScriptCaches (0ms)
		RebuildScriptCaches (0ms)
		SetupLoadedEditorAssemblies (1897ms)
			LogAssemblyErrors (0ms)
			InitializePlatformSupportModulesInManaged (130ms)
			SetLoadedEditorAssemblies (25ms)
			RefreshPlugins (0ms)
			BeforeProcessingInitializeOnLoad (264ms)
			ProcessInitializeOnLoadAttributes (1340ms)
			ProcessInitializeOnLoadMethodAttributes (113ms)
			AfterProcessingInitializeOnLoad (25ms)
			EditorAssembliesLoaded (1ms)
		ExecutionOrderSort2 (0ms)
		AwakeInstancesAfterBackupRestoration (23ms)
Refreshing native plugins compatible for Editor in 3.30 ms, found 0 plugins.
Preloading 0 native plugins for Editor in 0.00 ms.
Unloading 3165 Unused Serialized files (Serialized files now loaded: 0)
Unloading 14 unused Assets / (28.4 KB). Loaded Objects now: 3658.
Memory consumption went from 115.7 MB to 115.6 MB.
Total: 16.332797 ms (FindLiveObjects: 1.347100 ms CreateObjectMapping: 0.812780 ms MarkObjects: 14.005944 ms  DeleteObjects: 0.147109 ms)

Prepare: number of updated asset objects reloaded= 0
AssetImportParameters requested are different than current active one (requested -> active):
  custom:container-demuxer-ogg: 62fdf1f143b41e24485cea50d1cbac27 -> 
  custom:video-decoder-ogg-theora: a1e56fd34408186e4bbccfd4996cb3dc -> 
  custom:CustomObjectIndexerAttribute: 232f87dd983dbecb2a4e21e08eb2cef8 -> 
  custom:container-demuxer-webm: 4f35f7cbe854078d1ac9338744f61a02 -> 
  custom:container-muxer-webm: aa71ff27fc2769a1b78a27578f13a17b -> 
  custom:video-decoder-webm-vp8: 9c59270c3fd7afecdb556c50c9e8de78 -> 
  custom:SearchIndexIgnoredProperties: e643bd26f0fe6173181afceb89e7c659 -> 
  custom:AudioImporter_EditorPlatform: 2f0ff77a95e0ac474e3e8eeba4e2f7cb -> 
  custom:video-encoder-webm-vp8: eb34c28f22e8b96e1ab97ce403110664 -> 
  custom:audio-decoder-ogg-vorbis: bf7c407c2cedff20999df2af8eb42d56 -> 
  custom:audio-encoder-webm-vorbis: bf7c407c2cedff20999df2af8eb42d56 -> 
========================================================================
Received Prepare
Caller must complete domain reload
Begin MonoManager ReloadAssembly
- Loaded All Assemblies, in  1.571 seconds
Native extension for LinuxStandalone target not found
Mono: successfully reloaded assembly
- Finished resetting the current domain, in  3.651 seconds
Domain Reload Profiling: 5221ms
	BeginReloadAssembly (470ms)
		ExecutionOrderSort (0ms)
		DisableScriptedObjects (30ms)
		BackupInstance (0ms)
		ReleaseScriptingObjects (0ms)
		CreateAndSetChildDomain (106ms)
	RebuildCommonClasses (161ms)
	RebuildNativeTypeToScriptingClass (40ms)
	initialDomainReloadingComplete (136ms)
	LoadAllAssembliesAndSetupDomain (762ms)
		LoadAssemblies (894ms)
		RebuildTransferFunctionScriptingTraits (0ms)
		AnalyzeDomain (102ms)
			TypeCache.Refresh (30ms)
				TypeCache.ScanAssembly (3ms)
			ScanForSourceGeneratedMonoScriptInfo (32ms)
			ResolveRequiredComponents (35ms)
	FinalizeReload (3653ms)
		ReleaseScriptCaches (0ms)
		RebuildScriptCaches (0ms)
		SetupLoadedEditorAssemblies (1587ms)
			LogAssemblyErrors (0ms)
			InitializePlatformSupportModulesInManaged (128ms)
			SetLoadedEditorAssemblies (16ms)
			RefreshPlugins (0ms)
			BeforeProcessingInitializeOnLoad (236ms)
			ProcessInitializeOnLoadAttributes (1096ms)
			ProcessInitializeOnLoadMethodAttributes (92ms)
			AfterProcessingInitializeOnLoad (19ms)
			EditorAssembliesLoaded (0ms)
		ExecutionOrderSort2 (0ms)
		AwakeInstancesAfterBackupRestoration (16ms)
Refreshing native plugins compatible for Editor in 3.74 ms, found 0 plugins.
Preloading 0 native plugins for Editor in 0.00 ms.
Unloading 3166 Unused Serialized files (Serialized files now loaded: 0)
Unloading 14 unused Assets / (28.4 KB). Loaded Objects now: 3662.
Memory consumption went from 115.7 MB to 115.7 MB.
Total: 17.587834 ms (FindLiveObjects: 0.886113 ms CreateObjectMapping: 0.713819 ms MarkObjects: 15.746875 ms  DeleteObjects: 0.235131 ms)

Prepare: number of updated asset objects reloaded= 0
AssetImportParameters requested are different than current active one (requested -> active):
  custom:scripting/monoscript/fileName/MainMenu.cs: c093076ba5753d7bec74a8a751ffb653 -> 
  custom:container-demuxer-ogg: 62fdf1f143b41e24485cea50d1cbac27 -> 
  custom:video-decoder-ogg-theora: a1e56fd34408186e4bbccfd4996cb3dc -> 
  custom:CustomObjectIndexerAttribute: 232f87dd983dbecb2a4e21e08eb2cef8 -> 
  custom:container-demuxer-webm: 4f35f7cbe854078d1ac9338744f61a02 -> 
  custom:container-muxer-webm: aa71ff27fc2769a1b78a27578f13a17b -> 
  custom:video-decoder-webm-vp8: 9c59270c3fd7afecdb556c50c9e8de78 -> 
  custom:SearchIndexIgnoredProperties: e643bd26f0fe6173181afceb89e7c659 -> 
  custom:AudioImporter_EditorPlatform: 2f0ff77a95e0ac474e3e8eeba4e2f7cb -> 
  custom:video-encoder-webm-vp8: eb34c28f22e8b96e1ab97ce403110664 -> 
  custom:audio-decoder-ogg-vorbis: bf7c407c2cedff20999df2af8eb42d56 -> 
  custom:audio-encoder-webm-vorbis: bf7c407c2cedff20999df2af8eb42d56 -> 
  custom:scripting/precompiled-assembly-types:Assembly-CSharp: f80639b3159e55a5a6b157de69443b87 -> d08a326b8dfb9c586c23172c73a358d8
========================================================================
Received Prepare
Caller must complete domain reload
Begin MonoManager ReloadAssembly
- Loaded All Assemblies, in  1.325 seconds
Native extension for LinuxStandalone target not found
Mono: successfully reloaded assembly
- Finished resetting the current domain, in  2.996 seconds
Domain Reload Profiling: 4321ms
	BeginReloadAssembly (400ms)
		ExecutionOrderSort (0ms)
		DisableScriptedObjects (22ms)
		BackupInstance (0ms)
		ReleaseScriptingObjects (0ms)
		CreateAndSetChildDomain (89ms)
	RebuildCommonClasses (140ms)
	RebuildNativeTypeToScriptingClass (35ms)
	initialDomainReloadingComplete (109ms)
	LoadAllAssembliesAndSetupDomain (638ms)
		LoadAssemblies (797ms)
		RebuildTransferFunctionScriptingTraits (0ms)
		AnalyzeDomain (53ms)
			TypeCache.Refresh (21ms)
				TypeCache.ScanAssembly (0ms)
			ScanForSourceGeneratedMonoScriptInfo (1ms)
			ResolveRequiredComponents (26ms)
	FinalizeReload (2997ms)
		ReleaseScriptCaches (0ms)
		RebuildScriptCaches (0ms)
		SetupLoadedEditorAssemblies (1643ms)
			LogAssemblyErrors (0ms)
			InitializePlatformSupportModulesInManaged (132ms)
			SetLoadedEditorAssemblies (18ms)
			RefreshPlugins (0ms)
			BeforeProcessingInitializeOnLoad (252ms)
			ProcessInitializeOnLoadAttributes (1136ms)
			ProcessInitializeOnLoadMethodAttributes (88ms)
			AfterProcessingInitializeOnLoad (15ms)
			EditorAssembliesLoaded (0ms)
		ExecutionOrderSort2 (0ms)
		AwakeInstancesAfterBackupRestoration (21ms)
Refreshing native plugins compatible for Editor in 2.70 ms, found 0 plugins.
Preloading 0 native plugins for Editor in 0.00 ms.
Unloading 3166 Unused Serialized files (Serialized files now loaded: 0)
Unloading 14 unused Assets / (28.5 KB). Loaded Objects now: 3665.
Memory consumption went from 115.7 MB to 115.7 MB.
Total: 12.090466 ms (FindLiveObjects: 0.770886 ms CreateObjectMapping: 0.605653 ms MarkObjects: 10.564004 ms  DeleteObjects: 0.146248 ms)

Prepare: number of updated asset objects reloaded= 0
AssetImportParameters requested are different than current active one (requested -> active):
  custom:scripting/monoscript/fileName/MainMenu.cs: c093076ba5753d7bec74a8a751ffb653 -> 
  custom:container-demuxer-ogg: 62fdf1f143b41e24485cea50d1cbac27 -> 
  custom:video-decoder-ogg-theora: a1e56fd34408186e4bbccfd4996cb3dc -> 
  custom:CustomObjectIndexerAttribute: 232f87dd983dbecb2a4e21e08eb2cef8 -> 
  custom:container-demuxer-webm: 4f35f7cbe854078d1ac9338744f61a02 -> 
  custom:container-muxer-webm: aa71ff27fc2769a1b78a27578f13a17b -> 
  custom:video-decoder-webm-vp8: 9c59270c3fd7afecdb556c50c9e8de78 -> 
  custom:SearchIndexIgnoredProperties: e643bd26f0fe6173181afceb89e7c659 -> 
  custom:AudioImporter_EditorPlatform: 2f0ff77a95e0ac474e3e8eeba4e2f7cb -> 
  custom:video-encoder-webm-vp8: eb34c28f22e8b96e1ab97ce403110664 -> 
  custom:audio-decoder-ogg-vorbis: bf7c407c2cedff20999df2af8eb42d56 -> 
  custom:audio-encoder-webm-vorbis: bf7c407c2cedff20999df2af8eb42d56 -> 
  custom:scripting/precompiled-assembly-types:Assembly-CSharp: f80639b3159e55a5a6b157de69443b87 -> d08a326b8dfb9c586c23172c73a358d8
========================================================================
Received Prepare
Caller must complete domain reload
Begin MonoManager ReloadAssembly
Unrecognized thread niceness after calling setpriority. Target niceness is -6 and actual niceness is 6
- Loaded All Assemblies, in  2.052 seconds
Native extension for LinuxStandalone target not found
Mono: successfully reloaded assembly
- Finished resetting the current domain, in  3.870 seconds
Domain Reload Profiling: 5920ms
	BeginReloadAssembly (661ms)
		ExecutionOrderSort (0ms)
		DisableScriptedObjects (40ms)
		BackupInstance (0ms)
		ReleaseScriptingObjects (0ms)
		CreateAndSetChildDomain (156ms)
	RebuildCommonClasses (177ms)
	RebuildNativeTypeToScriptingClass (44ms)
	initialDomainReloadingComplete (156ms)
	LoadAllAssembliesAndSetupDomain (1011ms)
		LoadAssemblies (1168ms)
		RebuildTransferFunctionScriptingTraits (0ms)
		AnalyzeDomain (154ms)
			TypeCache.Refresh (47ms)
				TypeCache.ScanAssembly (4ms)
			ScanForSourceGeneratedMonoScriptInfo (55ms)
			ResolveRequiredComponents (47ms)
	FinalizeReload (3872ms)
		ReleaseScriptCaches (0ms)
		RebuildScriptCaches (0ms)
		SetupLoadedEditorAssemblies (1830ms)
			LogAssemblyErrors (0ms)
			InitializePlatformSupportModulesInManaged (165ms)
			SetLoadedEditorAssemblies (19ms)
			RefreshPlugins (0ms)
			BeforeProcessingInitializeOnLoad (350ms)
			ProcessInitializeOnLoadAttributes (1223ms)
			ProcessInitializeOnLoadMethodAttributes (59ms)
			AfterProcessingInitializeOnLoad (13ms)
			EditorAssembliesLoaded (0ms)
		ExecutionOrderSort2 (0ms)
		AwakeInstancesAfterBackupRestoration (16ms)
Refreshing native plugins compatible for Editor in 3.30 ms, found 0 plugins.
Preloading 0 native plugins for Editor in 0.00 ms.
Unloading 3166 Unused Serialized files (Serialized files now loaded: 0)
Unloading 14 unused Assets / (28.4 KB). Loaded Objects now: 3668.
Memory consumption went from 115.7 MB to 115.7 MB.
Total: 15.940380 ms (FindLiveObjects: 0.700496 ms CreateObjectMapping: 0.634470 ms MarkObjects: 14.435052 ms  DeleteObjects: 0.166525 ms)

Prepare: number of updated asset objects reloaded= 0
AssetImportParameters requested are different than current active one (requested -> active):
  custom:scripting/monoscript/fileName/MainMenu.cs: bcc0f9052176b2186a7114234ef44a73 -> 
  custom:container-demuxer-ogg: 62fdf1f143b41e24485cea50d1cbac27 -> 
  custom:video-decoder-ogg-theora: a1e56fd34408186e4bbccfd4996cb3dc -> 
  custom:CustomObjectIndexerAttribute: 232f87dd983dbecb2a4e21e08eb2cef8 -> 
  custom:container-demuxer-webm: 4f35f7cbe854078d1ac9338744f61a02 -> 
  custom:container-muxer-webm: aa71ff27fc2769a1b78a27578f13a17b -> 
  custom:video-decoder-webm-vp8: 9c59270c3fd7afecdb556c50c9e8de78 -> 
  custom:SearchIndexIgnoredProperties: e643bd26f0fe6173181afceb89e7c659 -> 
  custom:AudioImporter_EditorPlatform: 2f0ff77a95e0ac474e3e8eeba4e2f7cb -> 
  custom:video-encoder-webm-vp8: eb34c28f22e8b96e1ab97ce403110664 -> 
  custom:audio-decoder-ogg-vorbis: bf7c407c2cedff20999df2af8eb42d56 -> 
  custom:audio-encoder-webm-vorbis: bf7c407c2cedff20999df2af8eb42d56 -> 
  custom:scripting/precompiled-assembly-types:Assembly-CSharp: ad4205c34f50bb501d9f197e417cdf27 -> d08a326b8dfb9c586c23172c73a358d8
========================================================================
Received Prepare
Caller must complete domain reload
Begin MonoManager ReloadAssembly
- Loaded All Assemblies, in  1.486 seconds
Native extension for LinuxStandalone target not found
Mono: successfully reloaded assembly
- Finished resetting the current domain, in  2.751 seconds
Domain Reload Profiling: 4235ms
	BeginReloadAssembly (416ms)
		ExecutionOrderSort (0ms)
		DisableScriptedObjects (24ms)
		BackupInstance (0ms)
		ReleaseScriptingObjects (0ms)
		CreateAndSetChildDomain (105ms)
	RebuildCommonClasses (145ms)
	RebuildNativeTypeToScriptingClass (38ms)
	initialDomainReloadingComplete (124ms)
	LoadAllAssembliesAndSetupDomain (759ms)
		LoadAssemblies (860ms)
		RebuildTransferFunctionScriptingTraits (0ms)
		AnalyzeDomain (104ms)
			TypeCache.Refresh (38ms)
				TypeCache.ScanAssembly (3ms)
			ScanForSourceGeneratedMonoScriptInfo (34ms)
			ResolveRequiredComponents (27ms)
	FinalizeReload (2753ms)
		ReleaseScriptCaches (0ms)
		RebuildScriptCaches (0ms)
		SetupLoadedEditorAssemblies (1360ms)
			LogAssemblyErrors (0ms)
			InitializePlatformSupportModulesInManaged (136ms)
			SetLoadedEditorAssemblies (20ms)
			RefreshPlugins (0ms)
			BeforeProcessingInitializeOnLoad (236ms)
			ProcessInitializeOnLoadAttributes (886ms)
			ProcessInitializeOnLoadMethodAttributes (65ms)
			AfterProcessingInitializeOnLoad (16ms)
			EditorAssembliesLoaded (0ms)
		ExecutionOrderSort2 (0ms)
		AwakeInstancesAfterBackupRestoration (14ms)
Refreshing native plugins compatible for Editor in 2.54 ms, found 0 plugins.
Preloading 0 native plugins for Editor in 0.00 ms.
Unloading 3166 Unused Serialized files (Serialized files now loaded: 0)
Unloading 14 unused Assets / (28.4 KB). Loaded Objects now: 3671.
Memory consumption went from 115.7 MB to 115.7 MB.
Total: 14.965199 ms (FindLiveObjects: 0.816732 ms CreateObjectMapping: 0.704021 ms MarkObjects: 13.282910 ms  DeleteObjects: 0.157126 ms)

Prepare: number of updated asset objects reloaded= 0
AssetImportParameters requested are different than current active one (requested -> active):
  custom:scripting/monoscript/fileName/MainMenu.cs: bcc0f9052176b2186a7114234ef44a73 -> 
  custom:container-demuxer-ogg: 62fdf1f143b41e24485cea50d1cbac27 -> 
  custom:video-decoder-ogg-theora: a1e56fd34408186e4bbccfd4996cb3dc -> 
  custom:CustomObjectIndexerAttribute: 232f87dd983dbecb2a4e21e08eb2cef8 -> 
  custom:container-demuxer-webm: 4f35f7cbe854078d1ac9338744f61a02 -> 
  custom:container-muxer-webm: aa71ff27fc2769a1b78a27578f13a17b -> 
  custom:video-decoder-webm-vp8: 9c59270c3fd7afecdb556c50c9e8de78 -> 
  custom:SearchIndexIgnoredProperties: e643bd26f0fe6173181afceb89e7c659 -> 
  custom:AudioImporter_EditorPlatform: 2f0ff77a95e0ac474e3e8eeba4e2f7cb -> 
  custom:video-encoder-webm-vp8: eb34c28f22e8b96e1ab97ce403110664 -> 
  custom:audio-decoder-ogg-vorbis: bf7c407c2cedff20999df2af8eb42d56 -> 
  custom:audio-encoder-webm-vorbis: bf7c407c2cedff20999df2af8eb42d56 -> 
  custom:scripting/precompiled-assembly-types:Assembly-CSharp: ad4205c34f50bb501d9f197e417cdf27 -> d08a326b8dfb9c586c23172c73a358d8
========================================================================
Received Prepare
Caller must complete domain reload
Begin MonoManager ReloadAssembly
- Loaded All Assemblies, in  1.328 seconds
Native extension for LinuxStandalone target not found
Mono: successfully reloaded assembly
- Finished resetting the current domain, in  3.223 seconds
Domain Reload Profiling: 4552ms
	BeginReloadAssembly (398ms)
		ExecutionOrderSort (0ms)
		DisableScriptedObjects (21ms)
		BackupInstance (0ms)
		ReleaseScriptingObjects (0ms)
		CreateAndSetChildDomain (98ms)
	RebuildCommonClasses (147ms)
	RebuildNativeTypeToScriptingClass (34ms)
	initialDomainReloadingComplete (115ms)
	LoadAllAssembliesAndSetupDomain (632ms)
		LoadAssemblies (777ms)
		RebuildTransferFunctionScriptingTraits (0ms)
		AnalyzeDomain (53ms)
			TypeCache.Refresh (21ms)
				TypeCache.ScanAssembly (0ms)
			ScanForSourceGeneratedMonoScriptInfo (1ms)
			ResolveRequiredComponents (27ms)
	FinalizeReload (3226ms)
		ReleaseScriptCaches (0ms)
		RebuildScriptCaches (0ms)
		SetupLoadedEditorAssemblies (1820ms)
			LogAssemblyErrors (0ms)
			InitializePlatformSupportModulesInManaged (158ms)
			SetLoadedEditorAssemblies (20ms)
			RefreshPlugins (0ms)
			BeforeProcessingInitializeOnLoad (269ms)
			ProcessInitializeOnLoadAttributes (1261ms)
			ProcessInitializeOnLoadMethodAttributes (91ms)
			AfterProcessingInitializeOnLoad (20ms)
			EditorAssembliesLoaded (0ms)
		ExecutionOrderSort2 (0ms)
		AwakeInstancesAfterBackupRestoration (20ms)
Refreshing native plugins compatible for Editor in 3.54 ms, found 0 plugins.
Preloading 0 native plugins for Editor in 0.00 ms.
Unloading 3166 Unused Serialized files (Serialized files now loaded: 0)
Unloading 14 unused Assets / (28.4 KB). Loaded Objects now: 3674.
Memory consumption went from 115.7 MB to 115.7 MB.
Total: 10.514059 ms (FindLiveObjects: 0.599500 ms CreateObjectMapping: 0.588423 ms MarkObjects: 9.200544 ms  DeleteObjects: 0.121967 ms)

Prepare: number of updated asset objects reloaded= 0
AssetImportParameters requested are different than current active one (requested -> active):
  custom:scripting/monoscript/fileName/MainMenu.cs: bcc0f9052176b2186a7114234ef44a73 -> 
  custom:container-demuxer-ogg: 62fdf1f143b41e24485cea50d1cbac27 -> 
  custom:video-decoder-ogg-theora: a1e56fd34408186e4bbccfd4996cb3dc -> 
  custom:CustomObjectIndexerAttribute: 232f87dd983dbecb2a4e21e08eb2cef8 -> 
  custom:container-demuxer-webm: 4f35f7cbe854078d1ac9338744f61a02 -> 
  custom:container-muxer-webm: aa71ff27fc2769a1b78a27578f13a17b -> 
  custom:video-decoder-webm-vp8: 9c59270c3fd7afecdb556c50c9e8de78 -> 
  custom:SearchIndexIgnoredProperties: e643bd26f0fe6173181afceb89e7c659 -> 
  custom:AudioImporter_EditorPlatform: 2f0ff77a95e0ac474e3e8eeba4e2f7cb -> 
  custom:video-encoder-webm-vp8: eb34c28f22e8b96e1ab97ce403110664 -> 
  custom:audio-decoder-ogg-vorbis: bf7c407c2cedff20999df2af8eb42d56 -> 
  custom:audio-encoder-webm-vorbis: bf7c407c2cedff20999df2af8eb42d56 -> 
  custom:scripting/precompiled-assembly-types:Assembly-CSharp: ad4205c34f50bb501d9f197e417cdf27 -> d08a326b8dfb9c586c23172c73a358d8
========================================================================
Received Import Request.
  Time since last request: 5725.231090 seconds.
  path: Assets/3D Models/Golden Buddha w_2 LOD - Nepal Heritage/Golden_Buddha_LOD0_u0_v0_Metalness.png
  artifactKey: Guid(252b210f8c7a7c87c8fa53f691e6bfee) Importer(815301076,1909f56bfc062723c751e8b465ee728b)
Start importing Assets/3D Models/Golden Buddha w_2 LOD - Nepal Heritage/Golden_Buddha_LOD0_u0_v0_Metalness.png using Guid(252b210f8c7a7c87c8fa53f691e6bfee) Importer(815301076,1909f56bfc062723c751e8b465ee728b) [PhysX] Initialized MultithreadedTaskDispatcher with 8 workers.
[PhysX] Initialized MultithreadedTaskDispatcher with 8 workers.
 -> (artifact id: 'b750ab382eb44ecf646b2f5b1ab766aa') in 0.838990 seconds
Number of updated asset objects reloaded before import = 0
Number of asset objects unloaded after import = 2
========================================================================
Received Prepare
Caller must complete domain reload
Begin MonoManager ReloadAssembly
- Loaded All Assemblies, in  1.985 seconds
Native extension for LinuxStandalone target not found
Mono: successfully reloaded assembly
- Finished resetting the current domain, in  3.650 seconds
Domain Reload Profiling: 5638ms
	BeginReloadAssembly (765ms)
		ExecutionOrderSort (0ms)
		DisableScriptedObjects (24ms)
		BackupInstance (0ms)
		ReleaseScriptingObjects (0ms)
		CreateAndSetChildDomain (185ms)
	RebuildCommonClasses (136ms)
	RebuildNativeTypeToScriptingClass (37ms)
	initialDomainReloadingComplete (132ms)
	LoadAllAssembliesAndSetupDomain (916ms)
		LoadAssemblies (1315ms)
		RebuildTransferFunctionScriptingTraits (0ms)
		AnalyzeDomain (64ms)
			TypeCache.Refresh (23ms)
				TypeCache.ScanAssembly (0ms)
			ScanForSourceGeneratedMonoScriptInfo (1ms)
			ResolveRequiredComponents (35ms)
	FinalizeReload (3652ms)
		ReleaseScriptCaches (0ms)
		RebuildScriptCaches (0ms)
		SetupLoadedEditorAssemblies (1662ms)
			LogAssemblyErrors (0ms)
			InitializePlatformSupportModulesInManaged (136ms)
			SetLoadedEditorAssemblies (17ms)
			RefreshPlugins (0ms)
			BeforeProcessingInitializeOnLoad (290ms)
			ProcessInitializeOnLoadAttributes (1140ms)
			ProcessInitializeOnLoadMethodAttributes (65ms)
			AfterProcessingInitializeOnLoad (13ms)
			EditorAssembliesLoaded (1ms)
		ExecutionOrderSort2 (0ms)
		AwakeInstancesAfterBackupRestoration (18ms)
Refreshing native plugins compatible for Editor in 3.46 ms, found 0 plugins.
Preloading 0 native plugins for Editor in 0.00 ms.
Unloading 3165 Unused Serialized files (Serialized files now loaded: 0)
Unloading 14 unused Assets / (28.4 KB). Loaded Objects now: 3680.
Memory consumption went from 115.5 MB to 115.5 MB.
Total: 11.719880 ms (FindLiveObjects: 0.810919 ms CreateObjectMapping: 0.869863 ms MarkObjects: 9.896970 ms  DeleteObjects: 0.136925 ms)

Prepare: number of updated asset objects reloaded= 0
AssetImportParameters requested are different than current active one (requested -> active):
  custom:scripting/monoscript/fileName/MainMenu.cs: bcc0f9052176b2186a7114234ef44a73 -> 
  custom:container-demuxer-ogg: 62fdf1f143b41e24485cea50d1cbac27 -> 
  custom:video-decoder-ogg-theora: a1e56fd34408186e4bbccfd4996cb3dc -> 
  custom:CustomObjectIndexerAttribute: 232f87dd983dbecb2a4e21e08eb2cef8 -> 
  custom:container-demuxer-webm: 4f35f7cbe854078d1ac9338744f61a02 -> 
  custom:container-muxer-webm: aa71ff27fc2769a1b78a27578f13a17b -> 
  custom:video-decoder-webm-vp8: 9c59270c3fd7afecdb556c50c9e8de78 -> 
  custom:SearchIndexIgnoredProperties: e643bd26f0fe6173181afceb89e7c659 -> 
  custom:AudioImporter_EditorPlatform: 2f0ff77a95e0ac474e3e8eeba4e2f7cb -> 
  custom:video-encoder-webm-vp8: eb34c28f22e8b96e1ab97ce403110664 -> 
  custom:audio-decoder-ogg-vorbis: bf7c407c2cedff20999df2af8eb42d56 -> 
  custom:audio-encoder-webm-vorbis: bf7c407c2cedff20999df2af8eb42d56 -> 
  custom:scripting/precompiled-assembly-types:Assembly-CSharp: ad4205c34f50bb501d9f197e417cdf27 -> d08a326b8dfb9c586c23172c73a358d8
========================================================================
Received Prepare
Caller must complete domain reload
Begin MonoManager ReloadAssembly
- Loaded All Assemblies, in  1.257 seconds
Native extension for LinuxStandalone target not found
Mono: successfully reloaded assembly
- Finished resetting the current domain, in  2.818 seconds
Domain Reload Profiling: 4075ms
	BeginReloadAssembly (384ms)
		ExecutionOrderSort (0ms)
		DisableScriptedObjects (21ms)
		BackupInstance (0ms)
		ReleaseScriptingObjects (0ms)
		CreateAndSetChildDomain (83ms)
	RebuildCommonClasses (136ms)
	RebuildNativeTypeToScriptingClass (35ms)
	initialDomainReloadingComplete (108ms)
	LoadAllAssembliesAndSetupDomain (591ms)
		LoadAssemblies (748ms)
		RebuildTransferFunctionScriptingTraits (0ms)
		AnalyzeDomain (46ms)
			TypeCache.Refresh (19ms)
				TypeCache.ScanAssembly (0ms)
			ScanForSourceGeneratedMonoScriptInfo (1ms)
			ResolveRequiredComponents (22ms)
	FinalizeReload (2820ms)
		ReleaseScriptCaches (0ms)
		RebuildScriptCaches (0ms)
		SetupLoadedEditorAssemblies (1616ms)
			LogAssemblyErrors (0ms)
			InitializePlatformSupportModulesInManaged (133ms)
			SetLoadedEditorAssemblies (14ms)
			RefreshPlugins (0ms)
			BeforeProcessingInitializeOnLoad (242ms)
			ProcessInitializeOnLoadAttributes (1123ms)
			ProcessInitializeOnLoadMethodAttributes (85ms)
			AfterProcessingInitializeOnLoad (17ms)
			EditorAssembliesLoaded (1ms)
		ExecutionOrderSort2 (0ms)
		AwakeInstancesAfterBackupRestoration (18ms)
Refreshing native plugins compatible for Editor in 3.62 ms, found 0 plugins.
Preloading 0 native plugins for Editor in 0.00 ms.
Unloading 3166 Unused Serialized files (Serialized files now loaded: 0)
Unloading 14 unused Assets / (28.4 KB). Loaded Objects now: 3683.
Memory consumption went from 115.7 MB to 115.7 MB.
Total: 17.864837 ms (FindLiveObjects: 0.898073 ms CreateObjectMapping: 0.795546 ms MarkObjects: 15.981597 ms  DeleteObjects: 0.185843 ms)

Prepare: number of updated asset objects reloaded= 0
AssetImportParameters requested are different than current active one (requested -> active):
  custom:scripting/monoscript/fileName/MainMenu.cs: bcc0f9052176b2186a7114234ef44a73 -> 
  custom:container-demuxer-ogg: 62fdf1f143b41e24485cea50d1cbac27 -> 
  custom:video-decoder-ogg-theora: a1e56fd34408186e4bbccfd4996cb3dc -> 
  custom:CustomObjectIndexerAttribute: 232f87dd983dbecb2a4e21e08eb2cef8 -> 
  custom:container-demuxer-webm: 4f35f7cbe854078d1ac9338744f61a02 -> 
  custom:container-muxer-webm: aa71ff27fc2769a1b78a27578f13a17b -> 
  custom:video-decoder-webm-vp8: 9c59270c3fd7afecdb556c50c9e8de78 -> 
  custom:SearchIndexIgnoredProperties: e643bd26f0fe6173181afceb89e7c659 -> 
  custom:AudioImporter_EditorPlatform: 2f0ff77a95e0ac474e3e8eeba4e2f7cb -> 
  custom:video-encoder-webm-vp8: eb34c28f22e8b96e1ab97ce403110664 -> 
  custom:audio-decoder-ogg-vorbis: bf7c407c2cedff20999df2af8eb42d56 -> 
  custom:audio-encoder-webm-vorbis: bf7c407c2cedff20999df2af8eb42d56 -> 
  custom:scripting/precompiled-assembly-types:Assembly-CSharp: ad4205c34f50bb501d9f197e417cdf27 -> d08a326b8dfb9c586c23172c73a358d8
========================================================================
Received Import Request.
  Time since last request: 232.135105 seconds.
  path: Assets/3D Models/box (2).prefab
  artifactKey: Guid(b29dc002723f6647f97e5c06ff3f3800) Importer(815301076,1909f56bfc062723c751e8b465ee728b)
Start importing Assets/3D Models/box (2).prefab using Guid(b29dc002723f6647f97e5c06ff3f3800) Importer(815301076,1909f56bfc062723c751e8b465ee728b) [PhysX] Initialized MultithreadedTaskDispatcher with 8 workers.
[PhysX] Initialized MultithreadedTaskDispatcher with 8 workers.
 -> (artifact id: '4190d112ba20860a8aa0d3047c68ffb9') in 0.608789 seconds
Number of updated asset objects reloaded before import = 0
Number of asset objects unloaded after import = 23
========================================================================
Received Prepare
Caller must complete domain reload
Begin MonoManager ReloadAssembly
- Loaded All Assemblies, in  1.805 seconds
Native extension for LinuxStandalone target not found
Mono: successfully reloaded assembly
- Finished resetting the current domain, in  2.954 seconds
Domain Reload Profiling: 4758ms
	BeginReloadAssembly (474ms)
		ExecutionOrderSort (0ms)
		DisableScriptedObjects (22ms)
		BackupInstance (0ms)
		ReleaseScriptingObjects (0ms)
		CreateAndSetChildDomain (127ms)
	RebuildCommonClasses (164ms)
	RebuildNativeTypeToScriptingClass (39ms)
	initialDomainReloadingComplete (122ms)
	LoadAllAssembliesAndSetupDomain (1004ms)
		LoadAssemblies (1081ms)
		RebuildTransferFunctionScriptingTraits (0ms)
		AnalyzeDomain (162ms)
			TypeCache.Refresh (55ms)
				TypeCache.ScanAssembly (5ms)
			ScanForSourceGeneratedMonoScriptInfo (61ms)
			ResolveRequiredComponents (37ms)
	FinalizeReload (2956ms)
		ReleaseScriptCaches (0ms)
		RebuildScriptCaches (0ms)
		SetupLoadedEditorAssemblies (1565ms)
			LogAssemblyErrors (0ms)
			InitializePlatformSupportModulesInManaged (118ms)
			SetLoadedEditorAssemblies (19ms)
			RefreshPlugins (0ms)
			BeforeProcessingInitializeOnLoad (232ms)
			ProcessInitializeOnLoadAttributes (1120ms)
			ProcessInitializeOnLoadMethodAttributes (63ms)
			AfterProcessingInitializeOnLoad (13ms)
			EditorAssembliesLoaded (0ms)
		ExecutionOrderSort2 (0ms)
		AwakeInstancesAfterBackupRestoration (13ms)
Refreshing native plugins compatible for Editor in 2.11 ms, found 0 plugins.
Preloading 0 native plugins for Editor in 0.00 ms.
Unloading 3166 Unused Serialized files (Serialized files now loaded: 0)
Unloading 14 unused Assets / (28.5 KB). Loaded Objects now: 3696.
Memory consumption went from 117.7 MB to 117.7 MB.
Total: 6.719672 ms (FindLiveObjects: 0.473461 ms CreateObjectMapping: 0.434012 ms MarkObjects: 5.722475 ms  DeleteObjects: 0.086851 ms)

Prepare: number of updated asset objects reloaded= 0
AssetImportParameters requested are different than current active one (requested -> active):
  custom:scripting/monoscript/fileName/MainMenu.cs: bcc0f9052176b2186a7114234ef44a73 -> 
  custom:container-demuxer-ogg: 62fdf1f143b41e24485cea50d1cbac27 -> 
  custom:video-decoder-ogg-theora: a1e56fd34408186e4bbccfd4996cb3dc -> 
  custom:CustomObjectIndexerAttribute: 232f87dd983dbecb2a4e21e08eb2cef8 -> 
  custom:scripting/monoscript/fileName/Credits.cs: 4d9f07d56fd34a745dc5a05067d23a44 -> 
  custom:container-demuxer-webm: 4f35f7cbe854078d1ac9338744f61a02 -> 
  custom:container-muxer-webm: aa71ff27fc2769a1b78a27578f13a17b -> 
  custom:video-decoder-webm-vp8: 9c59270c3fd7afecdb556c50c9e8de78 -> 
  custom:SearchIndexIgnoredProperties: e643bd26f0fe6173181afceb89e7c659 -> 
  custom:AudioImporter_EditorPlatform: 2f0ff77a95e0ac474e3e8eeba4e2f7cb -> 
  custom:video-encoder-webm-vp8: eb34c28f22e8b96e1ab97ce403110664 -> 
  custom:audio-decoder-ogg-vorbis: bf7c407c2cedff20999df2af8eb42d56 -> 
  custom:audio-encoder-webm-vorbis: bf7c407c2cedff20999df2af8eb42d56 -> 
  custom:scripting/precompiled-assembly-types:Assembly-CSharp: 3a62997b7ad6c688462741f17615ec11 -> d08a326b8dfb9c586c23172c73a358d8
========================================================================
Received Prepare
Caller must complete domain reload
Begin MonoManager ReloadAssembly
- Loaded All Assemblies, in  1.232 seconds
Native extension for LinuxStandalone target not found
Mono: successfully reloaded assembly
- Finished resetting the current domain, in  2.637 seconds
Domain Reload Profiling: 3870ms
	BeginReloadAssembly (366ms)
		ExecutionOrderSort (0ms)
		DisableScriptedObjects (19ms)
		BackupInstance (0ms)
		ReleaseScriptingObjects (0ms)
		CreateAndSetChildDomain (94ms)
	RebuildCommonClasses (119ms)
	RebuildNativeTypeToScriptingClass (29ms)
	initialDomainReloadingComplete (97ms)
	LoadAllAssembliesAndSetupDomain (618ms)
		LoadAssemblies (719ms)
		RebuildTransferFunctionScriptingTraits (0ms)
		AnalyzeDomain (80ms)
			TypeCache.Refresh (28ms)
				TypeCache.ScanAssembly (3ms)
			ScanForSourceGeneratedMonoScriptInfo (24ms)
			ResolveRequiredComponents (23ms)
	FinalizeReload (2639ms)
		ReleaseScriptCaches (0ms)
		RebuildScriptCaches (0ms)
		SetupLoadedEditorAssemblies (1520ms)
			LogAssemblyErrors (0ms)
			InitializePlatformSupportModulesInManaged (137ms)
			SetLoadedEditorAssemblies (14ms)
			RefreshPlugins (0ms)
			BeforeProcessingInitializeOnLoad (249ms)
			ProcessInitializeOnLoadAttributes (1026ms)
			ProcessInitializeOnLoadMethodAttributes (79ms)
			AfterProcessingInitializeOnLoad (14ms)
			EditorAssembliesLoaded (0ms)
		ExecutionOrderSort2 (0ms)
		AwakeInstancesAfterBackupRestoration (15ms)
Refreshing native plugins compatible for Editor in 2.70 ms, found 0 plugins.
Preloading 0 native plugins for Editor in 0.00 ms.
Unloading 3168 Unused Serialized files (Serialized files now loaded: 0)
Unloading 14 unused Assets / (28.5 KB). Loaded Objects now: 3700.
Memory consumption went from 118.0 MB to 118.0 MB.
Total: 11.240269 ms (FindLiveObjects: 0.660834 ms CreateObjectMapping: 0.581046 ms MarkObjects: 9.859655 ms  DeleteObjects: 0.135305 ms)

Prepare: number of updated asset objects reloaded= 0
AssetImportParameters requested are different than current active one (requested -> active):
  custom:scripting/monoscript/fileName/MainMenu.cs: bcc0f9052176b2186a7114234ef44a73 -> 
  custom:container-demuxer-ogg: 62fdf1f143b41e24485cea50d1cbac27 -> 
  custom:video-decoder-ogg-theora: a1e56fd34408186e4bbccfd4996cb3dc -> 
  custom:CustomObjectIndexerAttribute: 232f87dd983dbecb2a4e21e08eb2cef8 -> 
  custom:scripting/monoscript/fileName/Credits.cs: 4d9f07d56fd34a745dc5a05067d23a44 -> 
  custom:container-demuxer-webm: 4f35f7cbe854078d1ac9338744f61a02 -> 
  custom:container-muxer-webm: aa71ff27fc2769a1b78a27578f13a17b -> 
  custom:video-decoder-webm-vp8: 9c59270c3fd7afecdb556c50c9e8de78 -> 
  custom:SearchIndexIgnoredProperties: e643bd26f0fe6173181afceb89e7c659 -> 
  custom:AudioImporter_EditorPlatform: 2f0ff77a95e0ac474e3e8eeba4e2f7cb -> 
  custom:video-encoder-webm-vp8: eb34c28f22e8b96e1ab97ce403110664 -> 
  custom:audio-decoder-ogg-vorbis: bf7c407c2cedff20999df2af8eb42d56 -> 
  custom:audio-encoder-webm-vorbis: bf7c407c2cedff20999df2af8eb42d56 -> 
  custom:scripting/precompiled-assembly-types:Assembly-CSharp: 3a62997b7ad6c688462741f17615ec11 -> d08a326b8dfb9c586c23172c73a358d8
========================================================================
Received Prepare
Caller must complete domain reload
Begin MonoManager ReloadAssembly
- Loaded All Assemblies, in  1.277 seconds
Native extension for LinuxStandalone target not found
Mono: successfully reloaded assembly
- Finished resetting the current domain, in  2.727 seconds
Domain Reload Profiling: 4003ms
	BeginReloadAssembly (372ms)
		ExecutionOrderSort (0ms)
		DisableScriptedObjects (20ms)
		BackupInstance (0ms)
		ReleaseScriptingObjects (0ms)
		CreateAndSetChildDomain (91ms)
	RebuildCommonClasses (131ms)
	RebuildNativeTypeToScriptingClass (35ms)
	initialDomainReloadingComplete (105ms)
	LoadAllAssembliesAndSetupDomain (632ms)
		LoadAssemblies (726ms)
		RebuildTransferFunctionScriptingTraits (0ms)
		AnalyzeDomain (92ms)
			TypeCache.Refresh (32ms)
				TypeCache.ScanAssembly (3ms)
			ScanForSourceGeneratedMonoScriptInfo (32ms)
			ResolveRequiredComponents (25ms)
	FinalizeReload (2728ms)
		ReleaseScriptCaches (0ms)
		RebuildScriptCaches (0ms)
		SetupLoadedEditorAssemblies (1515ms)
			LogAssemblyErrors (0ms)
			InitializePlatformSupportModulesInManaged (123ms)
			SetLoadedEditorAssemblies (18ms)
			RefreshPlugins (0ms)
			BeforeProcessingInitializeOnLoad (249ms)
			ProcessInitializeOnLoadAttributes (1041ms)
			ProcessInitializeOnLoadMethodAttributes (67ms)
			AfterProcessingInitializeOnLoad (17ms)
			EditorAssembliesLoaded (0ms)
		ExecutionOrderSort2 (0ms)
		AwakeInstancesAfterBackupRestoration (14ms)
Refreshing native plugins compatible for Editor in 2.44 ms, found 0 plugins.
Preloading 0 native plugins for Editor in 0.00 ms.
Unloading 3168 Unused Serialized files (Serialized files now loaded: 0)
Unloading 14 unused Assets / (28.5 KB). Loaded Objects now: 3703.
Memory consumption went from 118.0 MB to 118.0 MB.
Total: 8.900539 ms (FindLiveObjects: 0.571448 ms CreateObjectMapping: 0.510509 ms MarkObjects: 7.719940 ms  DeleteObjects: 0.095791 ms)

Prepare: number of updated asset objects reloaded= 0
AssetImportParameters requested are different than current active one (requested -> active):
  custom:scripting/monoscript/fileName/MainMenu.cs: bcc0f9052176b2186a7114234ef44a73 -> 
  custom:scripting/monoscript/fileName/ToCredits.cs: fd799428c624741135e74f5a912f41e4 -> 
  custom:container-demuxer-ogg: 62fdf1f143b41e24485cea50d1cbac27 -> 
  custom:video-decoder-ogg-theora: a1e56fd34408186e4bbccfd4996cb3dc -> 
  custom:CustomObjectIndexerAttribute: 232f87dd983dbecb2a4e21e08eb2cef8 -> 
  custom:scripting/monoscript/fileName/Credits.cs: 4d9f07d56fd34a745dc5a05067d23a44 -> 
  custom:container-demuxer-webm: 4f35f7cbe854078d1ac9338744f61a02 -> 
  custom:container-muxer-webm: aa71ff27fc2769a1b78a27578f13a17b -> 
  custom:video-decoder-webm-vp8: 9c59270c3fd7afecdb556c50c9e8de78 -> 
  custom:SearchIndexIgnoredProperties: e643bd26f0fe6173181afceb89e7c659 -> 
  custom:AudioImporter_EditorPlatform: 2f0ff77a95e0ac474e3e8eeba4e2f7cb -> 
  custom:video-encoder-webm-vp8: eb34c28f22e8b96e1ab97ce403110664 -> 
  custom:audio-decoder-ogg-vorbis: bf7c407c2cedff20999df2af8eb42d56 -> 
  custom:audio-encoder-webm-vorbis: bf7c407c2cedff20999df2af8eb42d56 -> 
  custom:scripting/precompiled-assembly-types:Assembly-CSharp: 159edff3e9c5b448b40fc9fda9267cb7 -> d08a326b8dfb9c586c23172c73a358d8
========================================================================
Received Prepare
Caller must complete domain reload
Begin MonoManager ReloadAssembly
- Loaded All Assemblies, in  1.397 seconds
Native extension for LinuxStandalone target not found
Mono: successfully reloaded assembly
- Finished resetting the current domain, in  3.088 seconds
Domain Reload Profiling: 4484ms
	BeginReloadAssembly (383ms)
		ExecutionOrderSort (0ms)
		DisableScriptedObjects (22ms)
		BackupInstance (0ms)
		ReleaseScriptingObjects (0ms)
		CreateAndSetChildDomain (91ms)
	RebuildCommonClasses (143ms)
	RebuildNativeTypeToScriptingClass (39ms)
	initialDomainReloadingComplete (114ms)
	LoadAllAssembliesAndSetupDomain (716ms)
		LoadAssemblies (849ms)
		RebuildTransferFunctionScriptingTraits (0ms)
		AnalyzeDomain (61ms)
			TypeCache.Refresh (23ms)
				TypeCache.ScanAssembly (0ms)
			ScanForSourceGeneratedMonoScriptInfo (1ms)
			ResolveRequiredComponents (30ms)
	FinalizeReload (3089ms)
		ReleaseScriptCaches (0ms)
		RebuildScriptCaches (0ms)
		SetupLoadedEditorAssemblies (1663ms)
			LogAssemblyErrors (0ms)
			InitializePlatformSupportModulesInManaged (196ms)
			SetLoadedEditorAssemblies (21ms)
			RefreshPlugins (0ms)
			BeforeProcessingInitializeOnLoad (280ms)
			ProcessInitializeOnLoadAttributes (1060ms)
			ProcessInitializeOnLoadMethodAttributes (88ms)
			AfterProcessingInitializeOnLoad (19ms)
			EditorAssembliesLoaded (0ms)
		ExecutionOrderSort2 (0ms)
		AwakeInstancesAfterBackupRestoration (17ms)
Refreshing native plugins compatible for Editor in 4.54 ms, found 0 plugins.
Preloading 0 native plugins for Editor in 0.00 ms.
Unloading 3168 Unused Serialized files (Serialized files now loaded: 0)
Unloading 14 unused Assets / (28.4 KB). Loaded Objects now: 3706.
Memory consumption went from 118.0 MB to 118.0 MB.
Total: 13.247968 ms (FindLiveObjects: 0.745947 ms CreateObjectMapping: 0.641285 ms MarkObjects: 11.669703 ms  DeleteObjects: 0.187850 ms)

Prepare: number of updated asset objects reloaded= 0
AssetImportParameters requested are different than current active one (requested -> active):
  custom:scripting/monoscript/fileName/MainMenu.cs: bcc0f9052176b2186a7114234ef44a73 -> 
  custom:scripting/monoscript/fileName/ToCredits.cs: fd799428c624741135e74f5a912f41e4 -> 
  custom:container-demuxer-ogg: 62fdf1f143b41e24485cea50d1cbac27 -> 
  custom:video-decoder-ogg-theora: a1e56fd34408186e4bbccfd4996cb3dc -> 
  custom:CustomObjectIndexerAttribute: 232f87dd983dbecb2a4e21e08eb2cef8 -> 
  custom:scripting/monoscript/fileName/Credits.cs: 4d9f07d56fd34a745dc5a05067d23a44 -> 
  custom:container-demuxer-webm: 4f35f7cbe854078d1ac9338744f61a02 -> 
  custom:container-muxer-webm: aa71ff27fc2769a1b78a27578f13a17b -> 
  custom:video-decoder-webm-vp8: 9c59270c3fd7afecdb556c50c9e8de78 -> 
  custom:SearchIndexIgnoredProperties: e643bd26f0fe6173181afceb89e7c659 -> 
  custom:AudioImporter_EditorPlatform: 2f0ff77a95e0ac474e3e8eeba4e2f7cb -> 
  custom:video-encoder-webm-vp8: eb34c28f22e8b96e1ab97ce403110664 -> 
  custom:audio-decoder-ogg-vorbis: bf7c407c2cedff20999df2af8eb42d56 -> 
  custom:audio-encoder-webm-vorbis: bf7c407c2cedff20999df2af8eb42d56 -> 
  custom:scripting/precompiled-assembly-types:Assembly-CSharp: 159edff3e9c5b448b40fc9fda9267cb7 -> d08a326b8dfb9c586c23172c73a358d8
========================================================================
Received Prepare
Caller must complete domain reload
Begin MonoManager ReloadAssembly
- Loaded All Assemblies, in  1.182 seconds
Native extension for LinuxStandalone target not found
Mono: successfully reloaded assembly
- Finished resetting the current domain, in  3.049 seconds
Domain Reload Profiling: 4232ms
	BeginReloadAssembly (361ms)
		ExecutionOrderSort (0ms)
		DisableScriptedObjects (19ms)
		BackupInstance (0ms)
		ReleaseScriptingObjects (0ms)
		CreateAndSetChildDomain (89ms)
	RebuildCommonClasses (126ms)
	RebuildNativeTypeToScriptingClass (33ms)
	initialDomainReloadingComplete (93ms)
	LoadAllAssembliesAndSetupDomain (568ms)
		LoadAssemblies (699ms)
		RebuildTransferFunctionScriptingTraits (0ms)
		AnalyzeDomain (51ms)
			TypeCache.Refresh (21ms)
				TypeCache.ScanAssembly (0ms)
			ScanForSourceGeneratedMonoScriptInfo (1ms)
			ResolveRequiredComponents (25ms)
	FinalizeReload (3051ms)
		ReleaseScriptCaches (0ms)
		RebuildScriptCaches (0ms)
		SetupLoadedEditorAssemblies (1766ms)
			LogAssemblyErrors (0ms)
			InitializePlatformSupportModulesInManaged (127ms)
			SetLoadedEditorAssemblies (26ms)
			RefreshPlugins (0ms)
			BeforeProcessingInitializeOnLoad (277ms)
			ProcessInitializeOnLoadAttributes (1217ms)
			ProcessInitializeOnLoadMethodAttributes (101ms)
			AfterProcessingInitializeOnLoad (17ms)
			EditorAssembliesLoaded (0ms)
		ExecutionOrderSort2 (0ms)
		AwakeInstancesAfterBackupRestoration (17ms)
Refreshing native plugins compatible for Editor in 3.31 ms, found 0 plugins.
Preloading 0 native plugins for Editor in 0.00 ms.
Unloading 3168 Unused Serialized files (Serialized files now loaded: 0)
Unloading 14 unused Assets / (28.5 KB). Loaded Objects now: 3709.
Memory consumption went from 118.0 MB to 118.0 MB.
Total: 10.718005 ms (FindLiveObjects: 0.618272 ms CreateObjectMapping: 0.495693 ms MarkObjects: 9.480497 ms  DeleteObjects: 0.119628 ms)

Prepare: number of updated asset objects reloaded= 0
AssetImportParameters requested are different than current active one (requested -> active):
  custom:scripting/monoscript/fileName/MainMenu.cs: bcc0f9052176b2186a7114234ef44a73 -> 
  custom:scripting/monoscript/fileName/ToCredits.cs: fd799428c624741135e74f5a912f41e4 -> 
  custom:container-demuxer-ogg: 62fdf1f143b41e24485cea50d1cbac27 -> 
  custom:video-decoder-ogg-theora: a1e56fd34408186e4bbccfd4996cb3dc -> 
  custom:CustomObjectIndexerAttribute: 232f87dd983dbecb2a4e21e08eb2cef8 -> 
  custom:scripting/monoscript/fileName/Credits.cs: 4d9f07d56fd34a745dc5a05067d23a44 -> 
  custom:container-demuxer-webm: 4f35f7cbe854078d1ac9338744f61a02 -> 
  custom:container-muxer-webm: aa71ff27fc2769a1b78a27578f13a17b -> 
  custom:video-decoder-webm-vp8: 9c59270c3fd7afecdb556c50c9e8de78 -> 
  custom:SearchIndexIgnoredProperties: e643bd26f0fe6173181afceb89e7c659 -> 
  custom:AudioImporter_EditorPlatform: 2f0ff77a95e0ac474e3e8eeba4e2f7cb -> 
  custom:video-encoder-webm-vp8: eb34c28f22e8b96e1ab97ce403110664 -> 
  custom:audio-decoder-ogg-vorbis: bf7c407c2cedff20999df2af8eb42d56 -> 
  custom:audio-encoder-webm-vorbis: bf7c407c2cedff20999df2af8eb42d56 -> 
  custom:scripting/precompiled-assembly-types:Assembly-CSharp: 159edff3e9c5b448b40fc9fda9267cb7 -> d08a326b8dfb9c586c23172c73a358d8
========================================================================
Received Prepare
Caller must complete domain reload
Begin MonoManager ReloadAssembly
- Loaded All Assemblies, in  1.429 seconds
Native extension for LinuxStandalone target not found
Mono: successfully reloaded assembly
- Finished resetting the current domain, in  3.042 seconds
Domain Reload Profiling: 4470ms
	BeginReloadAssembly (463ms)
		ExecutionOrderSort (0ms)
		DisableScriptedObjects (25ms)
		BackupInstance (0ms)
		ReleaseScriptingObjects (0ms)
		CreateAndSetChildDomain (142ms)
	RebuildCommonClasses (152ms)
	RebuildNativeTypeToScriptingClass (40ms)
	initialDomainReloadingComplete (119ms)
	LoadAllAssembliesAndSetupDomain (652ms)
		LoadAssemblies (807ms)
		RebuildTransferFunctionScriptingTraits (0ms)
		AnalyzeDomain (51ms)
			TypeCache.Refresh (19ms)
				TypeCache.ScanAssembly (0ms)
			ScanForSourceGeneratedMonoScriptInfo (1ms)
			ResolveRequiredComponents (27ms)
	FinalizeReload (3044ms)
		ReleaseScriptCaches (0ms)
		RebuildScriptCaches (0ms)
		SetupLoadedEditorAssemblies (1745ms)
			LogAssemblyErrors (0ms)
			InitializePlatformSupportModulesInManaged (159ms)
			SetLoadedEditorAssemblies (30ms)
			RefreshPlugins (0ms)
			BeforeProcessingInitializeOnLoad (287ms)
			ProcessInitializeOnLoadAttributes (1165ms)
			ProcessInitializeOnLoadMethodAttributes (87ms)
			AfterProcessingInitializeOnLoad (17ms)
			EditorAssembliesLoaded (0ms)
		ExecutionOrderSort2 (0ms)
		AwakeInstancesAfterBackupRestoration (19ms)
Refreshing native plugins compatible for Editor in 3.92 ms, found 0 plugins.
Preloading 0 native plugins for Editor in 0.00 ms.
Unloading 3168 Unused Serialized files (Serialized files now loaded: 0)
Unloading 14 unused Assets / (28.5 KB). Loaded Objects now: 3712.
Memory consumption went from 118.0 MB to 118.0 MB.
Total: 13.732107 ms (FindLiveObjects: 0.613693 ms CreateObjectMapping: 0.515166 ms MarkObjects: 12.446040 ms  DeleteObjects: 0.152893 ms)

Prepare: number of updated asset objects reloaded= 0
AssetImportParameters requested are different than current active one (requested -> active):
  custom:scripting/monoscript/fileName/MainMenu.cs: bcc0f9052176b2186a7114234ef44a73 -> 
  custom:scripting/monoscript/fileName/ToCredits.cs: fd799428c624741135e74f5a912f41e4 -> 
  custom:container-demuxer-ogg: 62fdf1f143b41e24485cea50d1cbac27 -> 
  custom:video-decoder-ogg-theora: a1e56fd34408186e4bbccfd4996cb3dc -> 
  custom:CustomObjectIndexerAttribute: 232f87dd983dbecb2a4e21e08eb2cef8 -> 
  custom:scripting/monoscript/fileName/Credits.cs: 4d9f07d56fd34a745dc5a05067d23a44 -> 
  custom:container-demuxer-webm: 4f35f7cbe854078d1ac9338744f61a02 -> 
  custom:container-muxer-webm: aa71ff27fc2769a1b78a27578f13a17b -> 
  custom:video-decoder-webm-vp8: 9c59270c3fd7afecdb556c50c9e8de78 -> 
  custom:SearchIndexIgnoredProperties: e643bd26f0fe6173181afceb89e7c659 -> 
  custom:AudioImporter_EditorPlatform: 2f0ff77a95e0ac474e3e8eeba4e2f7cb -> 
  custom:video-encoder-webm-vp8: eb34c28f22e8b96e1ab97ce403110664 -> 
  custom:audio-decoder-ogg-vorbis: bf7c407c2cedff20999df2af8eb42d56 -> 
  custom:audio-encoder-webm-vorbis: bf7c407c2cedff20999df2af8eb42d56 -> 
  custom:scripting/precompiled-assembly-types:Assembly-CSharp: 159edff3e9c5b448b40fc9fda9267cb7 -> d08a326b8dfb9c586c23172c73a358d8
========================================================================
Received Import Request.
  Time since last request: 1109.772988 seconds.
  path: Assets/3D Models/box (2).prefab
  artifactKey: Guid(b29dc002723f6647f97e5c06ff3f3800) Importer(815301076,1909f56bfc062723c751e8b465ee728b)
Start importing Assets/3D Models/box (2).prefab using Guid(b29dc002723f6647f97e5c06ff3f3800) Importer(815301076,1909f56bfc062723c751e8b465ee728b) [PhysX] Initialized MultithreadedTaskDispatcher with 8 workers.
[PhysX] Initialized MultithreadedTaskDispatcher with 8 workers.
 -> (artifact id: 'b5e4a8bd3ada1fa7263df845072e9f9e') in 0.476064 seconds
Number of updated asset objects reloaded before import = 0
Number of asset objects unloaded after import = 23
========================================================================
Received Prepare
Caller must complete domain reload
Begin MonoManager ReloadAssembly
- Loaded All Assemblies, in  1.235 seconds
Native extension for LinuxStandalone target not found
Mono: successfully reloaded assembly
- Finished resetting the current domain, in  3.048 seconds
Domain Reload Profiling: 4283ms
	BeginReloadAssembly (383ms)
		ExecutionOrderSort (0ms)
		DisableScriptedObjects (17ms)
		BackupInstance (0ms)
		ReleaseScriptingObjects (0ms)
		CreateAndSetChildDomain (99ms)
	RebuildCommonClasses (133ms)
	RebuildNativeTypeToScriptingClass (35ms)
	initialDomainReloadingComplete (102ms)
	LoadAllAssembliesAndSetupDomain (580ms)
		LoadAssemblies (725ms)
		RebuildTransferFunctionScriptingTraits (0ms)
		AnalyzeDomain (46ms)
			TypeCache.Refresh (19ms)
				TypeCache.ScanAssembly (0ms)
			ScanForSourceGeneratedMonoScriptInfo (1ms)
			ResolveRequiredComponents (23ms)
	FinalizeReload (3050ms)
		ReleaseScriptCaches (0ms)
		RebuildScriptCaches (0ms)
		SetupLoadedEditorAssemblies (1847ms)
			LogAssemblyErrors (0ms)
			InitializePlatformSupportModulesInManaged (128ms)
			SetLoadedEditorAssemblies (16ms)
			RefreshPlugins (0ms)
			BeforeProcessingInitializeOnLoad (265ms)
			ProcessInitializeOnLoadAttributes (1323ms)
			ProcessInitializeOnLoadMethodAttributes (94ms)
			AfterProcessingInitializeOnLoad (20ms)
			EditorAssembliesLoaded (1ms)
		ExecutionOrderSort2 (0ms)
		AwakeInstancesAfterBackupRestoration (19ms)
Refreshing native plugins compatible for Editor in 3.76 ms, found 0 plugins.
Preloading 0 native plugins for Editor in 0.00 ms.
Unloading 3167 Unused Serialized files (Serialized files now loaded: 0)
Unloading 14 unused Assets / (28.5 KB). Loaded Objects now: 3715.
Memory consumption went from 117.7 MB to 117.7 MB.
Total: 12.876613 ms (FindLiveObjects: 0.765996 ms CreateObjectMapping: 0.684900 ms MarkObjects: 11.278120 ms  DeleteObjects: 0.143813 ms)

Prepare: number of updated asset objects reloaded= 0
AssetImportParameters requested are different than current active one (requested -> active):
  custom:scripting/monoscript/fileName/MainMenu.cs: bcc0f9052176b2186a7114234ef44a73 -> 
  custom:scripting/monoscript/fileName/ToCredits.cs: fd799428c624741135e74f5a912f41e4 -> 
  custom:container-demuxer-ogg: 62fdf1f143b41e24485cea50d1cbac27 -> 
  custom:video-decoder-ogg-theora: a1e56fd34408186e4bbccfd4996cb3dc -> 
  custom:CustomObjectIndexerAttribute: 232f87dd983dbecb2a4e21e08eb2cef8 -> 
  custom:scripting/monoscript/fileName/Credits.cs: 4d9f07d56fd34a745dc5a05067d23a44 -> 
  custom:container-demuxer-webm: 4f35f7cbe854078d1ac9338744f61a02 -> 
  custom:container-muxer-webm: aa71ff27fc2769a1b78a27578f13a17b -> 
  custom:video-decoder-webm-vp8: 9c59270c3fd7afecdb556c50c9e8de78 -> 
  custom:SearchIndexIgnoredProperties: e643bd26f0fe6173181afceb89e7c659 -> 
  custom:AudioImporter_EditorPlatform: 2f0ff77a95e0ac474e3e8eeba4e2f7cb -> 
  custom:video-encoder-webm-vp8: eb34c28f22e8b96e1ab97ce403110664 -> 
  custom:audio-decoder-ogg-vorbis: bf7c407c2cedff20999df2af8eb42d56 -> 
  custom:audio-encoder-webm-vorbis: bf7c407c2cedff20999df2af8eb42d56 -> 
  custom:scripting/precompiled-assembly-types:Assembly-CSharp: 159edff3e9c5b448b40fc9fda9267cb7 -> d08a326b8dfb9c586c23172c73a358d8
========================================================================
Received Prepare
Caller must complete domain reload
Begin MonoManager ReloadAssembly
- Loaded All Assemblies, in  1.812 seconds
Native extension for LinuxStandalone target not found
Mono: successfully reloaded assembly
- Finished resetting the current domain, in  4.894 seconds
Domain Reload Profiling: 6707ms
	BeginReloadAssembly (534ms)
		ExecutionOrderSort (0ms)
		DisableScriptedObjects (33ms)
		BackupInstance (0ms)
		ReleaseScriptingObjects (0ms)
		CreateAndSetChildDomain (131ms)
	RebuildCommonClasses (159ms)
	RebuildNativeTypeToScriptingClass (40ms)
	initialDomainReloadingComplete (128ms)
	LoadAllAssembliesAndSetupDomain (949ms)
		LoadAssemblies (1073ms)
		RebuildTransferFunctionScriptingTraits (0ms)
		AnalyzeDomain (139ms)
			TypeCache.Refresh (47ms)
				TypeCache.ScanAssembly (5ms)
			ScanForSourceGeneratedMonoScriptInfo (45ms)
			ResolveRequiredComponents (36ms)
	FinalizeReload (4897ms)
		ReleaseScriptCaches (0ms)
		RebuildScriptCaches (0ms)
		SetupLoadedEditorAssemblies (3127ms)
			LogAssemblyErrors (0ms)
			InitializePlatformSupportModulesInManaged (228ms)
			SetLoadedEditorAssemblies (38ms)
			RefreshPlugins (0ms)
			BeforeProcessingInitializeOnLoad (481ms)
			ProcessInitializeOnLoadAttributes (2209ms)
			ProcessInitializeOnLoadMethodAttributes (138ms)
			AfterProcessingInitializeOnLoad (32ms)
			EditorAssembliesLoaded (1ms)
		ExecutionOrderSort2 (0ms)
		AwakeInstancesAfterBackupRestoration (32ms)
Refreshing native plugins compatible for Editor in 4.74 ms, found 0 plugins.
Preloading 0 native plugins for Editor in 0.00 ms.
Unloading 3168 Unused Serialized files (Serialized files now loaded: 0)
Unloading 14 unused Assets / (28.5 KB). Loaded Objects now: 3718.
Memory consumption went from 118.0 MB to 118.0 MB.
Total: 16.183996 ms (FindLiveObjects: 0.906369 ms CreateObjectMapping: 0.800749 ms MarkObjects: 14.308610 ms  DeleteObjects: 0.163820 ms)

Prepare: number of updated asset objects reloaded= 0
AssetImportParameters requested are different than current active one (requested -> active):
  custom:scripting/monoscript/fileName/MainMenu.cs: bcc0f9052176b2186a7114234ef44a73 -> 
  custom:scripting/monoscript/fileName/ToCredits.cs: fd799428c624741135e74f5a912f41e4 -> 
  custom:container-demuxer-ogg: 62fdf1f143b41e24485cea50d1cbac27 -> 
  custom:video-decoder-ogg-theora: a1e56fd34408186e4bbccfd4996cb3dc -> 
  custom:CustomObjectIndexerAttribute: 232f87dd983dbecb2a4e21e08eb2cef8 -> 
  custom:scripting/monoscript/fileName/Credits.cs: 4d9f07d56fd34a745dc5a05067d23a44 -> 
  custom:container-demuxer-webm: 4f35f7cbe854078d1ac9338744f61a02 -> 
  custom:container-muxer-webm: aa71ff27fc2769a1b78a27578f13a17b -> 
  custom:video-decoder-webm-vp8: 9c59270c3fd7afecdb556c50c9e8de78 -> 
  custom:SearchIndexIgnoredProperties: e643bd26f0fe6173181afceb89e7c659 -> 
  custom:AudioImporter_EditorPlatform: 2f0ff77a95e0ac474e3e8eeba4e2f7cb -> 
  custom:video-encoder-webm-vp8: eb34c28f22e8b96e1ab97ce403110664 -> 
  custom:audio-decoder-ogg-vorbis: bf7c407c2cedff20999df2af8eb42d56 -> 
  custom:audio-encoder-webm-vorbis: bf7c407c2cedff20999df2af8eb42d56 -> 
  custom:scripting/precompiled-assembly-types:Assembly-CSharp: 159edff3e9c5b448b40fc9fda9267cb7 -> d08a326b8dfb9c586c23172c73a358d8
========================================================================
Received Prepare
Caller must complete domain reload
Begin MonoManager ReloadAssembly
Unrecognized thread niceness after calling setpriority. Target niceness is -6 and actual niceness is 6
- Loaded All Assemblies, in  2.656 seconds
Native extension for LinuxStandalone target not found
Mono: successfully reloaded assembly
- Finished resetting the current domain, in  4.800 seconds
Domain Reload Profiling: 7454ms
	BeginReloadAssembly (852ms)
		ExecutionOrderSort (0ms)
		DisableScriptedObjects (49ms)
		BackupInstance (0ms)
		ReleaseScriptingObjects (0ms)
		CreateAndSetChildDomain (276ms)
	RebuildCommonClasses (277ms)
	RebuildNativeTypeToScriptingClass (75ms)
	initialDomainReloadingComplete (196ms)
	LoadAllAssembliesAndSetupDomain (1254ms)
		LoadAssemblies (1382ms)
		RebuildTransferFunctionScriptingTraits (0ms)
		AnalyzeDomain (224ms)
			TypeCache.Refresh (85ms)
				TypeCache.ScanAssembly (7ms)
			ScanForSourceGeneratedMonoScriptInfo (64ms)
			ResolveRequiredComponents (63ms)
	FinalizeReload (4801ms)
		ReleaseScriptCaches (0ms)
		RebuildScriptCaches (0ms)
		SetupLoadedEditorAssemblies (2035ms)
			LogAssemblyErrors (0ms)
			InitializePlatformSupportModulesInManaged (184ms)
			SetLoadedEditorAssemblies (30ms)
			RefreshPlugins (0ms)
			BeforeProcessingInitializeOnLoad (433ms)
			ProcessInitializeOnLoadAttributes (1311ms)
			ProcessInitializeOnLoadMethodAttributes (62ms)
			AfterProcessingInitializeOnLoad (13ms)
			EditorAssembliesLoaded (0ms)
		ExecutionOrderSort2 (0ms)
		AwakeInstancesAfterBackupRestoration (14ms)
Refreshing native plugins compatible for Editor in 4.34 ms, found 0 plugins.
Preloading 0 native plugins for Editor in 0.00 ms.
Unloading 3168 Unused Serialized files (Serialized files now loaded: 0)
Unloading 14 unused Assets / (28.4 KB). Loaded Objects now: 3721.
Memory consumption went from 118.0 MB to 118.0 MB.
Total: 14.328218 ms (FindLiveObjects: 0.940153 ms CreateObjectMapping: 0.890735 ms MarkObjects: 12.328168 ms  DeleteObjects: 0.162697 ms)

Prepare: number of updated asset objects reloaded= 0
AssetImportParameters requested are different than current active one (requested -> active):
  custom:scripting/monoscript/fileName/MainMenu.cs: bcc0f9052176b2186a7114234ef44a73 -> 
  custom:scripting/monoscript/fileName/ToCredits.cs: fd799428c624741135e74f5a912f41e4 -> 
  custom:container-demuxer-ogg: 62fdf1f143b41e24485cea50d1cbac27 -> 
  custom:video-decoder-ogg-theora: a1e56fd34408186e4bbccfd4996cb3dc -> 
  custom:CustomObjectIndexerAttribute: 232f87dd983dbecb2a4e21e08eb2cef8 -> 
  custom:scripting/monoscript/fileName/Credits.cs: 4d9f07d56fd34a745dc5a05067d23a44 -> 
  custom:container-demuxer-webm: 4f35f7cbe854078d1ac9338744f61a02 -> 
  custom:container-muxer-webm: aa71ff27fc2769a1b78a27578f13a17b -> 
  custom:video-decoder-webm-vp8: 9c59270c3fd7afecdb556c50c9e8de78 -> 
  custom:SearchIndexIgnoredProperties: e643bd26f0fe6173181afceb89e7c659 -> 
  custom:AudioImporter_EditorPlatform: 2f0ff77a95e0ac474e3e8eeba4e2f7cb -> 
  custom:video-encoder-webm-vp8: eb34c28f22e8b96e1ab97ce403110664 -> 
  custom:audio-decoder-ogg-vorbis: bf7c407c2cedff20999df2af8eb42d56 -> 
  custom:audio-encoder-webm-vorbis: bf7c407c2cedff20999df2af8eb42d56 -> 
  custom:scripting/precompiled-assembly-types:Assembly-CSharp: 159edff3e9c5b448b40fc9fda9267cb7 -> d08a326b8dfb9c586c23172c73a358d8
========================================================================
Received Prepare
Caller must complete domain reload
Begin MonoManager ReloadAssembly
- Loaded All Assemblies, in  1.367 seconds
Native extension for LinuxStandalone target not found
Mono: successfully reloaded assembly
- Finished resetting the current domain, in  3.004 seconds
Domain Reload Profiling: 4371ms
	BeginReloadAssembly (406ms)
		ExecutionOrderSort (0ms)
		DisableScriptedObjects (20ms)
		BackupInstance (0ms)
		ReleaseScriptingObjects (0ms)
		CreateAndSetChildDomain (98ms)
	RebuildCommonClasses (133ms)
	RebuildNativeTypeToScriptingClass (33ms)
	initialDomainReloadingComplete (101ms)
	LoadAllAssembliesAndSetupDomain (692ms)
		LoadAssemblies (808ms)
		RebuildTransferFunctionScriptingTraits (0ms)
		AnalyzeDomain (91ms)
			TypeCache.Refresh (34ms)
				TypeCache.ScanAssembly (3ms)
			ScanForSourceGeneratedMonoScriptInfo (28ms)
			ResolveRequiredComponents (24ms)
	FinalizeReload (3006ms)
		ReleaseScriptCaches (0ms)
		RebuildScriptCaches (0ms)
		SetupLoadedEditorAssemblies (1598ms)
			LogAssemblyErrors (0ms)
			InitializePlatformSupportModulesInManaged (160ms)
			SetLoadedEditorAssemblies (16ms)
			RefreshPlugins (0ms)
			BeforeProcessingInitializeOnLoad (248ms)
			ProcessInitializeOnLoadAttributes (1074ms)
			ProcessInitializeOnLoadMethodAttributes (84ms)
			AfterProcessingInitializeOnLoad (15ms)
			EditorAssembliesLoaded (1ms)
		ExecutionOrderSort2 (0ms)
		AwakeInstancesAfterBackupRestoration (18ms)
Refreshing native plugins compatible for Editor in 2.75 ms, found 0 plugins.
Preloading 0 native plugins for Editor in 0.00 ms.
Unloading 3168 Unused Serialized files (Serialized files now loaded: 0)
Unloading 14 unused Assets / (28.5 KB). Loaded Objects now: 3724.
Memory consumption went from 118.0 MB to 118.0 MB.
Total: 8.353712 ms (FindLiveObjects: 0.522102 ms CreateObjectMapping: 0.457965 ms MarkObjects: 7.265819 ms  DeleteObjects: 0.105381 ms)

Prepare: number of updated asset objects reloaded= 0
AssetImportParameters requested are different than current active one (requested -> active):
  custom:scripting/monoscript/fileName/MainMenu.cs: bcc0f9052176b2186a7114234ef44a73 -> 
  custom:scripting/monoscript/fileName/ToCredits.cs: fd799428c624741135e74f5a912f41e4 -> 
  custom:container-demuxer-ogg: 62fdf1f143b41e24485cea50d1cbac27 -> 
  custom:video-decoder-ogg-theora: a1e56fd34408186e4bbccfd4996cb3dc -> 
  custom:CustomObjectIndexerAttribute: 232f87dd983dbecb2a4e21e08eb2cef8 -> 
  custom:scripting/monoscript/fileName/Credits.cs: 4d9f07d56fd34a745dc5a05067d23a44 -> 
  custom:container-demuxer-webm: 4f35f7cbe854078d1ac9338744f61a02 -> 
  custom:container-muxer-webm: aa71ff27fc2769a1b78a27578f13a17b -> 
  custom:video-decoder-webm-vp8: 9c59270c3fd7afecdb556c50c9e8de78 -> 
  custom:SearchIndexIgnoredProperties: e643bd26f0fe6173181afceb89e7c659 -> 
  custom:AudioImporter_EditorPlatform: 2f0ff77a95e0ac474e3e8eeba4e2f7cb -> 
  custom:video-encoder-webm-vp8: eb34c28f22e8b96e1ab97ce403110664 -> 
  custom:audio-decoder-ogg-vorbis: bf7c407c2cedff20999df2af8eb42d56 -> 
  custom:audio-encoder-webm-vorbis: bf7c407c2cedff20999df2af8eb42d56 -> 
  custom:scripting/precompiled-assembly-types:Assembly-CSharp: 159edff3e9c5b448b40fc9fda9267cb7 -> d08a326b8dfb9c586c23172c73a358d8
========================================================================
Received Prepare
Caller must complete domain reload
Begin MonoManager ReloadAssembly
- Loaded All Assemblies, in  1.364 seconds
Native extension for LinuxStandalone target not found
Mono: successfully reloaded assembly
- Finished resetting the current domain, in  2.867 seconds
Domain Reload Profiling: 4231ms
	BeginReloadAssembly (396ms)
		ExecutionOrderSort (0ms)
		DisableScriptedObjects (21ms)
		BackupInstance (0ms)
		ReleaseScriptingObjects (0ms)
		CreateAndSetChildDomain (98ms)
	RebuildCommonClasses (128ms)
	RebuildNativeTypeToScriptingClass (32ms)
	initialDomainReloadingComplete (99ms)
	LoadAllAssembliesAndSetupDomain (708ms)
		LoadAssemblies (818ms)
		RebuildTransferFunctionScriptingTraits (0ms)
		AnalyzeDomain (91ms)
			TypeCache.Refresh (31ms)
				TypeCache.ScanAssembly (3ms)
			ScanForSourceGeneratedMonoScriptInfo (30ms)
			ResolveRequiredComponents (25ms)
	FinalizeReload (2869ms)
		ReleaseScriptCaches (0ms)
		RebuildScriptCaches (0ms)
		SetupLoadedEditorAssemblies (1463ms)
			LogAssemblyErrors (0ms)
			InitializePlatformSupportModulesInManaged (128ms)
			SetLoadedEditorAssemblies (18ms)
			RefreshPlugins (0ms)
			BeforeProcessingInitializeOnLoad (243ms)
			ProcessInitializeOnLoadAttributes (972ms)
			ProcessInitializeOnLoadMethodAttributes (84ms)
			AfterProcessingInitializeOnLoad (17ms)
			EditorAssembliesLoaded (1ms)
		ExecutionOrderSort2 (0ms)
		AwakeInstancesAfterBackupRestoration (18ms)
Refreshing native plugins compatible for Editor in 3.32 ms, found 0 plugins.
Preloading 0 native plugins for Editor in 0.00 ms.
Unloading 3168 Unused Serialized files (Serialized files now loaded: 0)
Unloading 14 unused Assets / (28.5 KB). Loaded Objects now: 3727.
Memory consumption went from 118.0 MB to 118.0 MB.
Total: 14.230238 ms (FindLiveObjects: 0.618002 ms CreateObjectMapping: 0.505516 ms MarkObjects: 12.942114 ms  DeleteObjects: 0.160947 ms)

Prepare: number of updated asset objects reloaded= 0
AssetImportParameters requested are different than current active one (requested -> active):
  custom:scripting/monoscript/fileName/MainMenu.cs: bcc0f9052176b2186a7114234ef44a73 -> 
  custom:scripting/monoscript/fileName/ToCredits.cs: fd799428c624741135e74f5a912f41e4 -> 
  custom:container-demuxer-ogg: 62fdf1f143b41e24485cea50d1cbac27 -> 
  custom:video-decoder-ogg-theora: a1e56fd34408186e4bbccfd4996cb3dc -> 
  custom:CustomObjectIndexerAttribute: 232f87dd983dbecb2a4e21e08eb2cef8 -> 
  custom:scripting/monoscript/fileName/Credits.cs: 4d9f07d56fd34a745dc5a05067d23a44 -> 
  custom:container-demuxer-webm: 4f35f7cbe854078d1ac9338744f61a02 -> 
  custom:container-muxer-webm: aa71ff27fc2769a1b78a27578f13a17b -> 
  custom:video-decoder-webm-vp8: 9c59270c3fd7afecdb556c50c9e8de78 -> 
  custom:SearchIndexIgnoredProperties: e643bd26f0fe6173181afceb89e7c659 -> 
  custom:AudioImporter_EditorPlatform: 2f0ff77a95e0ac474e3e8eeba4e2f7cb -> 
  custom:video-encoder-webm-vp8: eb34c28f22e8b96e1ab97ce403110664 -> 
  custom:audio-decoder-ogg-vorbis: bf7c407c2cedff20999df2af8eb42d56 -> 
  custom:audio-encoder-webm-vorbis: bf7c407c2cedff20999df2af8eb42d56 -> 
  custom:scripting/precompiled-assembly-types:Assembly-CSharp: 159edff3e9c5b448b40fc9fda9267cb7 -> d08a326b8dfb9c586c23172c73a358d8
========================================================================
Received Prepare
Caller must complete domain reload
Begin MonoManager ReloadAssembly
- Loaded All Assemblies, in  1.456 seconds
Native extension for LinuxStandalone target not found
Mono: successfully reloaded assembly
- Finished resetting the current domain, in  3.408 seconds
Domain Reload Profiling: 4864ms
	BeginReloadAssembly (460ms)
		ExecutionOrderSort (0ms)
		DisableScriptedObjects (25ms)
		BackupInstance (0ms)
		ReleaseScriptingObjects (0ms)
		CreateAndSetChildDomain (118ms)
	RebuildCommonClasses (152ms)
	RebuildNativeTypeToScriptingClass (37ms)
	initialDomainReloadingComplete (126ms)
	LoadAllAssembliesAndSetupDomain (680ms)
		LoadAssemblies (854ms)
		RebuildTransferFunctionScriptingTraits (0ms)
		AnalyzeDomain (51ms)
			TypeCache.Refresh (21ms)
				TypeCache.ScanAssembly (0ms)
			ScanForSourceGeneratedMonoScriptInfo (1ms)
			ResolveRequiredComponents (25ms)
	FinalizeReload (3410ms)
		ReleaseScriptCaches (0ms)
		RebuildScriptCaches (0ms)
		SetupLoadedEditorAssemblies (1833ms)
			LogAssemblyErrors (0ms)
			InitializePlatformSupportModulesInManaged (148ms)
			SetLoadedEditorAssemblies (22ms)
			RefreshPlugins (0ms)
			BeforeProcessingInitializeOnLoad (291ms)
			ProcessInitializeOnLoadAttributes (1255ms)
			ProcessInitializeOnLoadMethodAttributes (98ms)
			AfterProcessingInitializeOnLoad (20ms)
			EditorAssembliesLoaded (1ms)
		ExecutionOrderSort2 (0ms)
		AwakeInstancesAfterBackupRestoration (21ms)
Refreshing native plugins compatible for Editor in 3.69 ms, found 0 plugins.
Preloading 0 native plugins for Editor in 0.00 ms.
Unloading 3168 Unused Serialized files (Serialized files now loaded: 0)
Unloading 14 unused Assets / (28.5 KB). Loaded Objects now: 3730.
Memory consumption went from 118.0 MB to 118.0 MB.
Total: 19.108760 ms (FindLiveObjects: 0.930397 ms CreateObjectMapping: 0.891319 ms MarkObjects: 17.090018 ms  DeleteObjects: 0.190287 ms)

Prepare: number of updated asset objects reloaded= 0
AssetImportParameters requested are different than current active one (requested -> active):
  custom:scripting/monoscript/fileName/MainMenu.cs: bcc0f9052176b2186a7114234ef44a73 -> 
  custom:scripting/monoscript/fileName/ToCredits.cs: fd799428c624741135e74f5a912f41e4 -> 
  custom:container-demuxer-ogg: 62fdf1f143b41e24485cea50d1cbac27 -> 
  custom:video-decoder-ogg-theora: a1e56fd34408186e4bbccfd4996cb3dc -> 
  custom:CustomObjectIndexerAttribute: 232f87dd983dbecb2a4e21e08eb2cef8 -> 
  custom:scripting/monoscript/fileName/Credits.cs: 4d9f07d56fd34a745dc5a05067d23a44 -> 
  custom:container-demuxer-webm: 4f35f7cbe854078d1ac9338744f61a02 -> 
  custom:container-muxer-webm: aa71ff27fc2769a1b78a27578f13a17b -> 
  custom:video-decoder-webm-vp8: 9c59270c3fd7afecdb556c50c9e8de78 -> 
  custom:SearchIndexIgnoredProperties: e643bd26f0fe6173181afceb89e7c659 -> 
  custom:AudioImporter_EditorPlatform: 2f0ff77a95e0ac474e3e8eeba4e2f7cb -> 
  custom:video-encoder-webm-vp8: eb34c28f22e8b96e1ab97ce403110664 -> 
  custom:audio-decoder-ogg-vorbis: bf7c407c2cedff20999df2af8eb42d56 -> 
  custom:audio-encoder-webm-vorbis: bf7c407c2cedff20999df2af8eb42d56 -> 
  custom:scripting/precompiled-assembly-types:Assembly-CSharp: 159edff3e9c5b448b40fc9fda9267cb7 -> d08a326b8dfb9c586c23172c73a358d8
========================================================================
Received Prepare
Caller must complete domain reload
Begin MonoManager ReloadAssembly
- Loaded All Assemblies, in  1.170 seconds
Native extension for LinuxStandalone target not found
Mono: successfully reloaded assembly
- Finished resetting the current domain, in  2.787 seconds
Domain Reload Profiling: 3958ms
	BeginReloadAssembly (368ms)
		ExecutionOrderSort (0ms)
		DisableScriptedObjects (20ms)
		BackupInstance (0ms)
		ReleaseScriptingObjects (0ms)
		CreateAndSetChildDomain (94ms)
	RebuildCommonClasses (125ms)
	RebuildNativeTypeToScriptingClass (32ms)
	initialDomainReloadingComplete (98ms)
	LoadAllAssembliesAndSetupDomain (545ms)
		LoadAssemblies (684ms)
		RebuildTransferFunctionScriptingTraits (0ms)
		AnalyzeDomain (41ms)
			TypeCache.Refresh (17ms)
				TypeCache.ScanAssembly (0ms)
			ScanForSourceGeneratedMonoScriptInfo (0ms)
			ResolveRequiredComponents (21ms)
	FinalizeReload (2789ms)
		ReleaseScriptCaches (0ms)
		RebuildScriptCaches (0ms)
		SetupLoadedEditorAssemblies (1680ms)
			LogAssemblyErrors (0ms)
			InitializePlatformSupportModulesInManaged (125ms)
			SetLoadedEditorAssemblies (18ms)
			RefreshPlugins (0ms)
			BeforeProcessingInitializeOnLoad (272ms)
			ProcessInitializeOnLoadAttributes (1173ms)
			ProcessInitializeOnLoadMethodAttributes (77ms)
			AfterProcessingInitializeOnLoad (15ms)
			EditorAssembliesLoaded (0ms)
		ExecutionOrderSort2 (0ms)
		AwakeInstancesAfterBackupRestoration (17ms)
Refreshing native plugins compatible for Editor in 3.42 ms, found 0 plugins.
Preloading 0 native plugins for Editor in 0.00 ms.
Unloading 3168 Unused Serialized files (Serialized files now loaded: 0)
Unloading 14 unused Assets / (28.5 KB). Loaded Objects now: 3733.
Memory consumption went from 118.0 MB to 118.0 MB.
Total: 10.994967 ms (FindLiveObjects: 0.677799 ms CreateObjectMapping: 0.542387 ms MarkObjects: 9.641409 ms  DeleteObjects: 0.129401 ms)

Prepare: number of updated asset objects reloaded= 0
AssetImportParameters requested are different than current active one (requested -> active):
  custom:scripting/monoscript/fileName/MainMenu.cs: bcc0f9052176b2186a7114234ef44a73 -> 
  custom:scripting/monoscript/fileName/ToCredits.cs: fd799428c624741135e74f5a912f41e4 -> 
  custom:container-demuxer-ogg: 62fdf1f143b41e24485cea50d1cbac27 -> 
  custom:video-decoder-ogg-theora: a1e56fd34408186e4bbccfd4996cb3dc -> 
  custom:CustomObjectIndexerAttribute: 232f87dd983dbecb2a4e21e08eb2cef8 -> 
  custom:scripting/monoscript/fileName/Credits.cs: 4d9f07d56fd34a745dc5a05067d23a44 -> 
  custom:container-demuxer-webm: 4f35f7cbe854078d1ac9338744f61a02 -> 
  custom:container-muxer-webm: aa71ff27fc2769a1b78a27578f13a17b -> 
  custom:video-decoder-webm-vp8: 9c59270c3fd7afecdb556c50c9e8de78 -> 
  custom:SearchIndexIgnoredProperties: e643bd26f0fe6173181afceb89e7c659 -> 
  custom:AudioImporter_EditorPlatform: 2f0ff77a95e0ac474e3e8eeba4e2f7cb -> 
  custom:video-encoder-webm-vp8: eb34c28f22e8b96e1ab97ce403110664 -> 
  custom:audio-decoder-ogg-vorbis: bf7c407c2cedff20999df2af8eb42d56 -> 
  custom:audio-encoder-webm-vorbis: bf7c407c2cedff20999df2af8eb42d56 -> 
  custom:scripting/precompiled-assembly-types:Assembly-CSharp: 159edff3e9c5b448b40fc9fda9267cb7 -> d08a326b8dfb9c586c23172c73a358d8
========================================================================
Received Prepare
Caller must complete domain reload
Begin MonoManager ReloadAssembly
- Loaded All Assemblies, in  1.767 seconds
Native extension for LinuxStandalone target not found
Mono: successfully reloaded assembly
- Finished resetting the current domain, in  3.460 seconds
Domain Reload Profiling: 5228ms
	BeginReloadAssembly (504ms)
		ExecutionOrderSort (0ms)
		DisableScriptedObjects (30ms)
		BackupInstance (0ms)
		ReleaseScriptingObjects (0ms)
		CreateAndSetChildDomain (134ms)
	RebuildCommonClasses (173ms)
	RebuildNativeTypeToScriptingClass (42ms)
	initialDomainReloadingComplete (131ms)
	LoadAllAssembliesAndSetupDomain (917ms)
		LoadAssemblies (1054ms)
		RebuildTransferFunctionScriptingTraits (0ms)
		AnalyzeDomain (98ms)
			TypeCache.Refresh (34ms)
				TypeCache.ScanAssembly (3ms)
			ScanForSourceGeneratedMonoScriptInfo (33ms)
			ResolveRequiredComponents (26ms)
	FinalizeReload (3463ms)
		ReleaseScriptCaches (0ms)
		RebuildScriptCaches (0ms)
		SetupLoadedEditorAssemblies (2024ms)
			LogAssemblyErrors (0ms)
			InitializePlatformSupportModulesInManaged (163ms)
			SetLoadedEditorAssemblies (19ms)
			RefreshPlugins (0ms)
			BeforeProcessingInitializeOnLoad (308ms)
			ProcessInitializeOnLoadAttributes (1406ms)
			ProcessInitializeOnLoadMethodAttributes (105ms)
			AfterProcessingInitializeOnLoad (23ms)
			EditorAssembliesLoaded (1ms)
		ExecutionOrderSort2 (0ms)
		AwakeInstancesAfterBackupRestoration (21ms)
Refreshing native plugins compatible for Editor in 4.82 ms, found 0 plugins.
Preloading 0 native plugins for Editor in 0.00 ms.
Unloading 3168 Unused Serialized files (Serialized files now loaded: 0)
Unloading 14 unused Assets / (28.5 KB). Loaded Objects now: 3736.
Memory consumption went from 118.0 MB to 118.0 MB.
Total: 13.061140 ms (FindLiveObjects: 0.832778 ms CreateObjectMapping: 0.698288 ms MarkObjects: 11.282693 ms  DeleteObjects: 0.242022 ms)

Prepare: number of updated asset objects reloaded= 0
AssetImportParameters requested are different than current active one (requested -> active):
  custom:scripting/monoscript/fileName/MainMenu.cs: bcc0f9052176b2186a7114234ef44a73 -> 
  custom:scripting/monoscript/fileName/ToCredits.cs: fd799428c624741135e74f5a912f41e4 -> 
  custom:container-demuxer-ogg: 62fdf1f143b41e24485cea50d1cbac27 -> 
  custom:video-decoder-ogg-theora: a1e56fd34408186e4bbccfd4996cb3dc -> 
  custom:CustomObjectIndexerAttribute: 232f87dd983dbecb2a4e21e08eb2cef8 -> 
  custom:scripting/monoscript/fileName/Credits.cs: 4d9f07d56fd34a745dc5a05067d23a44 -> 
  custom:container-demuxer-webm: 4f35f7cbe854078d1ac9338744f61a02 -> 
  custom:container-muxer-webm: aa71ff27fc2769a1b78a27578f13a17b -> 
  custom:video-decoder-webm-vp8: 9c59270c3fd7afecdb556c50c9e8de78 -> 
  custom:SearchIndexIgnoredProperties: e643bd26f0fe6173181afceb89e7c659 -> 
  custom:AudioImporter_EditorPlatform: 2f0ff77a95e0ac474e3e8eeba4e2f7cb -> 
  custom:video-encoder-webm-vp8: eb34c28f22e8b96e1ab97ce403110664 -> 
  custom:audio-decoder-ogg-vorbis: bf7c407c2cedff20999df2af8eb42d56 -> 
  custom:audio-encoder-webm-vorbis: bf7c407c2cedff20999df2af8eb42d56 -> 
  custom:scripting/precompiled-assembly-types:Assembly-CSharp: 159edff3e9c5b448b40fc9fda9267cb7 -> d08a326b8dfb9c586c23172c73a358d8
========================================================================
Received Prepare
Caller must complete domain reload
Begin MonoManager ReloadAssembly
- Loaded All Assemblies, in  1.384 seconds
Native extension for LinuxStandalone target not found
Mono: successfully reloaded assembly
- Finished resetting the current domain, in  3.180 seconds
Domain Reload Profiling: 4563ms
	BeginReloadAssembly (416ms)
		ExecutionOrderSort (0ms)
		DisableScriptedObjects (25ms)
		BackupInstance (0ms)
		ReleaseScriptingObjects (0ms)
		CreateAndSetChildDomain (100ms)
	RebuildCommonClasses (148ms)
	RebuildNativeTypeToScriptingClass (38ms)
	initialDomainReloadingComplete (107ms)
	LoadAllAssembliesAndSetupDomain (672ms)
		LoadAssemblies (778ms)
		RebuildTransferFunctionScriptingTraits (0ms)
		AnalyzeDomain (97ms)
			TypeCache.Refresh (38ms)
				TypeCache.ScanAssembly (4ms)
			ScanForSourceGeneratedMonoScriptInfo (31ms)
			ResolveRequiredComponents (24ms)
	FinalizeReload (3182ms)
		ReleaseScriptCaches (0ms)
		RebuildScriptCaches (0ms)
		SetupLoadedEditorAssemblies (1832ms)
			LogAssemblyErrors (0ms)
			InitializePlatformSupportModulesInManaged (164ms)
			SetLoadedEditorAssemblies (25ms)
			RefreshPlugins (0ms)
			BeforeProcessingInitializeOnLoad (330ms)
			ProcessInitializeOnLoadAttributes (1195ms)
			ProcessInitializeOnLoadMethodAttributes (101ms)
			AfterProcessingInitializeOnLoad (16ms)
			EditorAssembliesLoaded (0ms)
		ExecutionOrderSort2 (0ms)
		AwakeInstancesAfterBackupRestoration (16ms)
Refreshing native plugins compatible for Editor in 5.10 ms, found 0 plugins.
Preloading 0 native plugins for Editor in 0.00 ms.
Unloading 3168 Unused Serialized files (Serialized files now loaded: 0)
Unloading 14 unused Assets / (28.5 KB). Loaded Objects now: 3739.
Memory consumption went from 118.0 MB to 118.0 MB.
Total: 13.751198 ms (FindLiveObjects: 0.838557 ms CreateObjectMapping: 0.739214 ms MarkObjects: 11.994511 ms  DeleteObjects: 0.174763 ms)

Prepare: number of updated asset objects reloaded= 0
AssetImportParameters requested are different than current active one (requested -> active):
  custom:scripting/monoscript/fileName/MainMenu.cs: bcc0f9052176b2186a7114234ef44a73 -> 
  custom:scripting/monoscript/fileName/ToCredits.cs: fd799428c624741135e74f5a912f41e4 -> 
  custom:container-demuxer-ogg: 62fdf1f143b41e24485cea50d1cbac27 -> 
  custom:video-decoder-ogg-theora: a1e56fd34408186e4bbccfd4996cb3dc -> 
  custom:CustomObjectIndexerAttribute: 232f87dd983dbecb2a4e21e08eb2cef8 -> 
  custom:scripting/monoscript/fileName/Credits.cs: 4d9f07d56fd34a745dc5a05067d23a44 -> 
  custom:container-demuxer-webm: 4f35f7cbe854078d1ac9338744f61a02 -> 
  custom:container-muxer-webm: aa71ff27fc2769a1b78a27578f13a17b -> 
  custom:video-decoder-webm-vp8: 9c59270c3fd7afecdb556c50c9e8de78 -> 
  custom:SearchIndexIgnoredProperties: e643bd26f0fe6173181afceb89e7c659 -> 
  custom:AudioImporter_EditorPlatform: 2f0ff77a95e0ac474e3e8eeba4e2f7cb -> 
  custom:video-encoder-webm-vp8: eb34c28f22e8b96e1ab97ce403110664 -> 
  custom:audio-decoder-ogg-vorbis: bf7c407c2cedff20999df2af8eb42d56 -> 
  custom:audio-encoder-webm-vorbis: bf7c407c2cedff20999df2af8eb42d56 -> 
  custom:scripting/precompiled-assembly-types:Assembly-CSharp: 159edff3e9c5b448b40fc9fda9267cb7 -> d08a326b8dfb9c586c23172c73a358d8
========================================================================
Received Prepare
Caller must complete domain reload
Begin MonoManager ReloadAssembly
- Loaded All Assemblies, in  1.341 seconds
Native extension for LinuxStandalone target not found
Mono: successfully reloaded assembly
- Finished resetting the current domain, in  3.342 seconds
Domain Reload Profiling: 4684ms
	BeginReloadAssembly (413ms)
		ExecutionOrderSort (0ms)
		DisableScriptedObjects (27ms)
		BackupInstance (0ms)
		ReleaseScriptingObjects (0ms)
		CreateAndSetChildDomain (103ms)
	RebuildCommonClasses (152ms)
	RebuildNativeTypeToScriptingClass (36ms)
	initialDomainReloadingComplete (109ms)
	LoadAllAssembliesAndSetupDomain (628ms)
		LoadAssemblies (785ms)
		RebuildTransferFunctionScriptingTraits (0ms)
		AnalyzeDomain (47ms)
			TypeCache.Refresh (19ms)
				TypeCache.ScanAssembly (0ms)
			ScanForSourceGeneratedMonoScriptInfo (1ms)
			ResolveRequiredComponents (22ms)
	FinalizeReload (3345ms)
		ReleaseScriptCaches (0ms)
		RebuildScriptCaches (0ms)
		SetupLoadedEditorAssemblies (1861ms)
			LogAssemblyErrors (0ms)
			InitializePlatformSupportModulesInManaged (173ms)
			SetLoadedEditorAssemblies (23ms)
			RefreshPlugins (0ms)
			BeforeProcessingInitializeOnLoad (286ms)
			ProcessInitializeOnLoadAttributes (1265ms)
			ProcessInitializeOnLoadMethodAttributes (96ms)
			AfterProcessingInitializeOnLoad (18ms)
			EditorAssembliesLoaded (0ms)
		ExecutionOrderSort2 (0ms)
		AwakeInstancesAfterBackupRestoration (21ms)
Refreshing native plugins compatible for Editor in 4.32 ms, found 0 plugins.
Preloading 0 native plugins for Editor in 0.00 ms.
Unloading 3168 Unused Serialized files (Serialized files now loaded: 0)
Unloading 14 unused Assets / (28.5 KB). Loaded Objects now: 3742.
Memory consumption went from 118.0 MB to 118.0 MB.
Total: 11.044225 ms (FindLiveObjects: 0.875116 ms CreateObjectMapping: 0.841525 ms MarkObjects: 9.209414 ms  DeleteObjects: 0.113609 ms)

Prepare: number of updated asset objects reloaded= 0
AssetImportParameters requested are different than current active one (requested -> active):
  custom:scripting/monoscript/fileName/MainMenu.cs: bcc0f9052176b2186a7114234ef44a73 -> 
  custom:scripting/monoscript/fileName/ToCredits.cs: fd799428c624741135e74f5a912f41e4 -> 
  custom:container-demuxer-ogg: 62fdf1f143b41e24485cea50d1cbac27 -> 
  custom:video-decoder-ogg-theora: a1e56fd34408186e4bbccfd4996cb3dc -> 
  custom:CustomObjectIndexerAttribute: 232f87dd983dbecb2a4e21e08eb2cef8 -> 
  custom:scripting/monoscript/fileName/Credits.cs: 4d9f07d56fd34a745dc5a05067d23a44 -> 
  custom:container-demuxer-webm: 4f35f7cbe854078d1ac9338744f61a02 -> 
  custom:container-muxer-webm: aa71ff27fc2769a1b78a27578f13a17b -> 
  custom:video-decoder-webm-vp8: 9c59270c3fd7afecdb556c50c9e8de78 -> 
  custom:SearchIndexIgnoredProperties: e643bd26f0fe6173181afceb89e7c659 -> 
  custom:AudioImporter_EditorPlatform: 2f0ff77a95e0ac474e3e8eeba4e2f7cb -> 
  custom:video-encoder-webm-vp8: eb34c28f22e8b96e1ab97ce403110664 -> 
  custom:audio-decoder-ogg-vorbis: bf7c407c2cedff20999df2af8eb42d56 -> 
  custom:audio-encoder-webm-vorbis: bf7c407c2cedff20999df2af8eb42d56 -> 
  custom:scripting/precompiled-assembly-types:Assembly-CSharp: 159edff3e9c5b448b40fc9fda9267cb7 -> d08a326b8dfb9c586c23172c73a358d8
========================================================================
Received Prepare
Caller must complete domain reload
Begin MonoManager ReloadAssembly
- Loaded All Assemblies, in  1.395 seconds
Native extension for LinuxStandalone target not found
Mono: successfully reloaded assembly
- Finished resetting the current domain, in  3.278 seconds
Domain Reload Profiling: 4673ms
	BeginReloadAssembly (438ms)
		ExecutionOrderSort (0ms)
		DisableScriptedObjects (21ms)
		BackupInstance (0ms)
		ReleaseScriptingObjects (0ms)
		CreateAndSetChildDomain (119ms)
	RebuildCommonClasses (144ms)
	RebuildNativeTypeToScriptingClass (36ms)
	initialDomainReloadingComplete (113ms)
	LoadAllAssembliesAndSetupDomain (662ms)
		LoadAssemblies (788ms)
		RebuildTransferFunctionScriptingTraits (0ms)
		AnalyzeDomain (86ms)
			TypeCache.Refresh (30ms)
				TypeCache.ScanAssembly (3ms)
			ScanForSourceGeneratedMonoScriptInfo (30ms)
			ResolveRequiredComponents (23ms)
	FinalizeReload (3280ms)
		ReleaseScriptCaches (0ms)
		RebuildScriptCaches (0ms)
		SetupLoadedEditorAssemblies (1952ms)
			LogAssemblyErrors (0ms)
			InitializePlatformSupportModulesInManaged (168ms)
			SetLoadedEditorAssemblies (32ms)
			RefreshPlugins (0ms)
			BeforeProcessingInitializeOnLoad (329ms)
			ProcessInitializeOnLoadAttributes (1309ms)
			ProcessInitializeOnLoadMethodAttributes (94ms)
			AfterProcessingInitializeOnLoad (20ms)
			EditorAssembliesLoaded (1ms)
		ExecutionOrderSort2 (0ms)
		AwakeInstancesAfterBackupRestoration (20ms)
Refreshing native plugins compatible for Editor in 3.62 ms, found 0 plugins.
Preloading 0 native plugins for Editor in 0.00 ms.
Unloading 3168 Unused Serialized files (Serialized files now loaded: 0)
Unloading 14 unused Assets / (28.5 KB). Loaded Objects now: 3745.
Memory consumption went from 118.0 MB to 118.0 MB.
Total: 17.013747 ms (FindLiveObjects: 0.897039 ms CreateObjectMapping: 0.696288 ms MarkObjects: 15.222350 ms  DeleteObjects: 0.192419 ms)

Prepare: number of updated asset objects reloaded= 0
AssetImportParameters requested are different than current active one (requested -> active):
  custom:scripting/monoscript/fileName/MainMenu.cs: bcc0f9052176b2186a7114234ef44a73 -> 
  custom:scripting/monoscript/fileName/ToCredits.cs: fd799428c624741135e74f5a912f41e4 -> 
  custom:container-demuxer-ogg: 62fdf1f143b41e24485cea50d1cbac27 -> 
  custom:video-decoder-ogg-theora: a1e56fd34408186e4bbccfd4996cb3dc -> 
  custom:CustomObjectIndexerAttribute: 232f87dd983dbecb2a4e21e08eb2cef8 -> 
  custom:scripting/monoscript/fileName/Credits.cs: 4d9f07d56fd34a745dc5a05067d23a44 -> 
  custom:container-demuxer-webm: 4f35f7cbe854078d1ac9338744f61a02 -> 
  custom:container-muxer-webm: aa71ff27fc2769a1b78a27578f13a17b -> 
  custom:video-decoder-webm-vp8: 9c59270c3fd7afecdb556c50c9e8de78 -> 
  custom:SearchIndexIgnoredProperties: e643bd26f0fe6173181afceb89e7c659 -> 
  custom:AudioImporter_EditorPlatform: 2f0ff77a95e0ac474e3e8eeba4e2f7cb -> 
  custom:video-encoder-webm-vp8: eb34c28f22e8b96e1ab97ce403110664 -> 
  custom:audio-decoder-ogg-vorbis: bf7c407c2cedff20999df2af8eb42d56 -> 
  custom:audio-encoder-webm-vorbis: bf7c407c2cedff20999df2af8eb42d56 -> 
  custom:scripting/precompiled-assembly-types:Assembly-CSharp: 159edff3e9c5b448b40fc9fda9267cb7 -> d08a326b8dfb9c586c23172c73a358d8
========================================================================
Received Prepare
Caller must complete domain reload
Begin MonoManager ReloadAssembly
- Loaded All Assemblies, in  1.339 seconds
Native extension for LinuxStandalone target not found
Mono: successfully reloaded assembly
- Finished resetting the current domain, in  3.341 seconds
Domain Reload Profiling: 4680ms
	BeginReloadAssembly (419ms)
		ExecutionOrderSort (0ms)
		DisableScriptedObjects (22ms)
		BackupInstance (0ms)
		ReleaseScriptingObjects (0ms)
		CreateAndSetChildDomain (105ms)
	RebuildCommonClasses (146ms)
	RebuildNativeTypeToScriptingClass (34ms)
	initialDomainReloadingComplete (110ms)
	LoadAllAssembliesAndSetupDomain (628ms)
		LoadAssemblies (788ms)
		RebuildTransferFunctionScriptingTraits (0ms)
		AnalyzeDomain (50ms)
			TypeCache.Refresh (20ms)
				TypeCache.ScanAssembly (0ms)
			ScanForSourceGeneratedMonoScriptInfo (1ms)
			ResolveRequiredComponents (25ms)
	FinalizeReload (3343ms)
		ReleaseScriptCaches (0ms)
		RebuildScriptCaches (0ms)
		SetupLoadedEditorAssemblies (1953ms)
			LogAssemblyErrors (0ms)
			InitializePlatformSupportModulesInManaged (144ms)
			SetLoadedEditorAssemblies (22ms)
			RefreshPlugins (0ms)
			BeforeProcessingInitializeOnLoad (334ms)
			ProcessInitializeOnLoadAttributes (1335ms)
			ProcessInitializeOnLoadMethodAttributes (97ms)
			AfterProcessingInitializeOnLoad (20ms)
			EditorAssembliesLoaded (0ms)
		ExecutionOrderSort2 (0ms)
		AwakeInstancesAfterBackupRestoration (21ms)
Refreshing native plugins compatible for Editor in 6.13 ms, found 0 plugins.
Preloading 0 native plugins for Editor in 0.00 ms.
Unloading 3168 Unused Serialized files (Serialized files now loaded: 0)
Unloading 14 unused Assets / (28.6 KB). Loaded Objects now: 3748.
Memory consumption went from 118.0 MB to 118.0 MB.
Total: 13.920938 ms (FindLiveObjects: 0.971293 ms CreateObjectMapping: 0.928514 ms MarkObjects: 11.857414 ms  DeleteObjects: 0.157514 ms)

Prepare: number of updated asset objects reloaded= 0
AssetImportParameters requested are different than current active one (requested -> active):
  custom:scripting/monoscript/fileName/MainMenu.cs: bcc0f9052176b2186a7114234ef44a73 -> 
  custom:scripting/monoscript/fileName/ToCredits.cs: fd799428c624741135e74f5a912f41e4 -> 
  custom:container-demuxer-ogg: 62fdf1f143b41e24485cea50d1cbac27 -> 
  custom:video-decoder-ogg-theora: a1e56fd34408186e4bbccfd4996cb3dc -> 
  custom:CustomObjectIndexerAttribute: 232f87dd983dbecb2a4e21e08eb2cef8 -> 
  custom:scripting/monoscript/fileName/Credits.cs: 4d9f07d56fd34a745dc5a05067d23a44 -> 
  custom:container-demuxer-webm: 4f35f7cbe854078d1ac9338744f61a02 -> 
  custom:container-muxer-webm: aa71ff27fc2769a1b78a27578f13a17b -> 
  custom:video-decoder-webm-vp8: 9c59270c3fd7afecdb556c50c9e8de78 -> 
  custom:SearchIndexIgnoredProperties: e643bd26f0fe6173181afceb89e7c659 -> 
  custom:AudioImporter_EditorPlatform: 2f0ff77a95e0ac474e3e8eeba4e2f7cb -> 
  custom:video-encoder-webm-vp8: eb34c28f22e8b96e1ab97ce403110664 -> 
  custom:audio-decoder-ogg-vorbis: bf7c407c2cedff20999df2af8eb42d56 -> 
  custom:audio-encoder-webm-vorbis: bf7c407c2cedff20999df2af8eb42d56 -> 
  custom:scripting/precompiled-assembly-types:Assembly-CSharp: 159edff3e9c5b448b40fc9fda9267cb7 -> d08a326b8dfb9c586c23172c73a358d8
========================================================================
Received Prepare
Caller must complete domain reload
Begin MonoManager ReloadAssembly
- Loaded All Assemblies, in  1.326 seconds
Native extension for LinuxStandalone target not found
Mono: successfully reloaded assembly
- Finished resetting the current domain, in  2.661 seconds
Domain Reload Profiling: 3986ms
	BeginReloadAssembly (399ms)
		ExecutionOrderSort (0ms)
		DisableScriptedObjects (19ms)
		BackupInstance (0ms)
		ReleaseScriptingObjects (0ms)
		CreateAndSetChildDomain (100ms)
	RebuildCommonClasses (136ms)
	RebuildNativeTypeToScriptingClass (31ms)
	initialDomainReloadingComplete (101ms)
	LoadAllAssembliesAndSetupDomain (656ms)
		LoadAssemblies (760ms)
		RebuildTransferFunctionScriptingTraits (0ms)
		AnalyzeDomain (96ms)
			TypeCache.Refresh (33ms)
				TypeCache.ScanAssembly (3ms)
			ScanForSourceGeneratedMonoScriptInfo (32ms)
			ResolveRequiredComponents (26ms)
	FinalizeReload (2663ms)
		ReleaseScriptCaches (0ms)
		RebuildScriptCaches (0ms)
		SetupLoadedEditorAssemblies (1372ms)
			LogAssemblyErrors (0ms)
			InitializePlatformSupportModulesInManaged (125ms)
			SetLoadedEditorAssemblies (16ms)
			RefreshPlugins (0ms)
			BeforeProcessingInitializeOnLoad (226ms)
			ProcessInitializeOnLoadAttributes (924ms)
			ProcessInitializeOnLoadMethodAttributes (67ms)
			AfterProcessingInitializeOnLoad (13ms)
			EditorAssembliesLoaded (0ms)
		ExecutionOrderSort2 (0ms)
		AwakeInstancesAfterBackupRestoration (14ms)
Refreshing native plugins compatible for Editor in 2.99 ms, found 0 plugins.
Preloading 0 native plugins for Editor in 0.00 ms.
Unloading 3168 Unused Serialized files (Serialized files now loaded: 0)
Unloading 14 unused Assets / (28.5 KB). Loaded Objects now: 3751.
Memory consumption went from 118.0 MB to 118.0 MB.
Total: 8.271764 ms (FindLiveObjects: 0.496834 ms CreateObjectMapping: 0.474853 ms MarkObjects: 7.203583 ms  DeleteObjects: 0.093877 ms)

Prepare: number of updated asset objects reloaded= 0
AssetImportParameters requested are different than current active one (requested -> active):
  custom:scripting/monoscript/fileName/MainMenu.cs: bcc0f9052176b2186a7114234ef44a73 -> 
  custom:scripting/monoscript/fileName/ToCredits.cs: fd799428c624741135e74f5a912f41e4 -> 
  custom:container-demuxer-ogg: 62fdf1f143b41e24485cea50d1cbac27 -> 
  custom:video-decoder-ogg-theora: a1e56fd34408186e4bbccfd4996cb3dc -> 
  custom:CustomObjectIndexerAttribute: 232f87dd983dbecb2a4e21e08eb2cef8 -> 
  custom:scripting/monoscript/fileName/Credits.cs: 4d9f07d56fd34a745dc5a05067d23a44 -> 
  custom:container-demuxer-webm: 4f35f7cbe854078d1ac9338744f61a02 -> 
  custom:container-muxer-webm: aa71ff27fc2769a1b78a27578f13a17b -> 
  custom:video-decoder-webm-vp8: 9c59270c3fd7afecdb556c50c9e8de78 -> 
  custom:SearchIndexIgnoredProperties: e643bd26f0fe6173181afceb89e7c659 -> 
  custom:AudioImporter_EditorPlatform: 2f0ff77a95e0ac474e3e8eeba4e2f7cb -> 
  custom:video-encoder-webm-vp8: eb34c28f22e8b96e1ab97ce403110664 -> 
  custom:audio-decoder-ogg-vorbis: bf7c407c2cedff20999df2af8eb42d56 -> 
  custom:audio-encoder-webm-vorbis: bf7c407c2cedff20999df2af8eb42d56 -> 
  custom:scripting/precompiled-assembly-types:Assembly-CSharp: 159edff3e9c5b448b40fc9fda9267cb7 -> d08a326b8dfb9c586c23172c73a358d8
========================================================================
Received Prepare
Caller must complete domain reload
Begin MonoManager ReloadAssembly
- Loaded All Assemblies, in  1.195 seconds
Native extension for LinuxStandalone target not found
Mono: successfully reloaded assembly
- Finished resetting the current domain, in  2.979 seconds
Domain Reload Profiling: 4175ms
	BeginReloadAssembly (367ms)
		ExecutionOrderSort (0ms)
		DisableScriptedObjects (19ms)
		BackupInstance (0ms)
		ReleaseScriptingObjects (0ms)
		CreateAndSetChildDomain (99ms)
	RebuildCommonClasses (118ms)
	RebuildNativeTypeToScriptingClass (31ms)
	initialDomainReloadingComplete (104ms)
	LoadAllAssembliesAndSetupDomain (572ms)
		LoadAssemblies (702ms)
		RebuildTransferFunctionScriptingTraits (0ms)
		AnalyzeDomain (47ms)
			TypeCache.Refresh (19ms)
				TypeCache.ScanAssembly (0ms)
			ScanForSourceGeneratedMonoScriptInfo (1ms)
			ResolveRequiredComponents (23ms)
	FinalizeReload (2982ms)
		ReleaseScriptCaches (0ms)
		RebuildScriptCaches (0ms)
		SetupLoadedEditorAssemblies (1771ms)
			LogAssemblyErrors (0ms)
			InitializePlatformSupportModulesInManaged (138ms)
			SetLoadedEditorAssemblies (23ms)
			RefreshPlugins (0ms)
			BeforeProcessingInitializeOnLoad (261ms)
			ProcessInitializeOnLoadAttributes (1223ms)
			ProcessInitializeOnLoadMethodAttributes (97ms)
			AfterProcessingInitializeOnLoad (28ms)
			EditorAssembliesLoaded (1ms)
		ExecutionOrderSort2 (0ms)
		AwakeInstancesAfterBackupRestoration (31ms)
Refreshing native plugins compatible for Editor in 4.40 ms, found 0 plugins.
Preloading 0 native plugins for Editor in 0.00 ms.
Unloading 3168 Unused Serialized files (Serialized files now loaded: 0)
Unloading 14 unused Assets / (28.5 KB). Loaded Objects now: 3754.
Memory consumption went from 118.0 MB to 118.0 MB.
Total: 13.477160 ms (FindLiveObjects: 0.797509 ms CreateObjectMapping: 0.874688 ms MarkObjects: 11.625673 ms  DeleteObjects: 0.174851 ms)

Prepare: number of updated asset objects reloaded= 0
AssetImportParameters requested are different than current active one (requested -> active):
  custom:scripting/monoscript/fileName/MainMenu.cs: bcc0f9052176b2186a7114234ef44a73 -> 
  custom:scripting/monoscript/fileName/ToCredits.cs: fd799428c624741135e74f5a912f41e4 -> 
  custom:container-demuxer-ogg: 62fdf1f143b41e24485cea50d1cbac27 -> 
  custom:video-decoder-ogg-theora: a1e56fd34408186e4bbccfd4996cb3dc -> 
  custom:CustomObjectIndexerAttribute: 232f87dd983dbecb2a4e21e08eb2cef8 -> 
  custom:scripting/monoscript/fileName/Credits.cs: 4d9f07d56fd34a745dc5a05067d23a44 -> 
  custom:container-demuxer-webm: 4f35f7cbe854078d1ac9338744f61a02 -> 
  custom:container-muxer-webm: aa71ff27fc2769a1b78a27578f13a17b -> 
  custom:video-decoder-webm-vp8: 9c59270c3fd7afecdb556c50c9e8de78 -> 
  custom:SearchIndexIgnoredProperties: e643bd26f0fe6173181afceb89e7c659 -> 
  custom:AudioImporter_EditorPlatform: 2f0ff77a95e0ac474e3e8eeba4e2f7cb -> 
  custom:video-encoder-webm-vp8: eb34c28f22e8b96e1ab97ce403110664 -> 
  custom:audio-decoder-ogg-vorbis: bf7c407c2cedff20999df2af8eb42d56 -> 
  custom:audio-encoder-webm-vorbis: bf7c407c2cedff20999df2af8eb42d56 -> 
  custom:scripting/precompiled-assembly-types:Assembly-CSharp: 159edff3e9c5b448b40fc9fda9267cb7 -> d08a326b8dfb9c586c23172c73a358d8
========================================================================
Received Prepare
Caller must complete domain reload
Begin MonoManager ReloadAssembly
- Loaded All Assemblies, in  1.334 seconds
Native extension for LinuxStandalone target not found
Mono: successfully reloaded assembly
- Finished resetting the current domain, in  2.880 seconds
Domain Reload Profiling: 4215ms
	BeginReloadAssembly (441ms)
		ExecutionOrderSort (0ms)
		DisableScriptedObjects (27ms)
		BackupInstance (0ms)
		ReleaseScriptingObjects (0ms)
		CreateAndSetChildDomain (101ms)
	RebuildCommonClasses (135ms)
	RebuildNativeTypeToScriptingClass (35ms)
	initialDomainReloadingComplete (110ms)
	LoadAllAssembliesAndSetupDomain (611ms)
		LoadAssemblies (783ms)
		RebuildTransferFunctionScriptingTraits (0ms)
		AnalyzeDomain (51ms)
			TypeCache.Refresh (21ms)
				TypeCache.ScanAssembly (0ms)
			ScanForSourceGeneratedMonoScriptInfo (1ms)
			ResolveRequiredComponents (25ms)
	FinalizeReload (2883ms)
		ReleaseScriptCaches (0ms)
		RebuildScriptCaches (0ms)
		SetupLoadedEditorAssemblies (1649ms)
			LogAssemblyErrors (0ms)
			InitializePlatformSupportModulesInManaged (134ms)
			SetLoadedEditorAssemblies (17ms)
			RefreshPlugins (0ms)
			BeforeProcessingInitializeOnLoad (257ms)
			ProcessInitializeOnLoadAttributes (1131ms)
			ProcessInitializeOnLoadMethodAttributes (91ms)
			AfterProcessingInitializeOnLoad (19ms)
			EditorAssembliesLoaded (1ms)
		ExecutionOrderSort2 (0ms)
		AwakeInstancesAfterBackupRestoration (20ms)
Refreshing native plugins compatible for Editor in 2.96 ms, found 0 plugins.
Preloading 0 native plugins for Editor in 0.00 ms.
Unloading 3168 Unused Serialized files (Serialized files now loaded: 0)
Unloading 14 unused Assets / (28.6 KB). Loaded Objects now: 3757.
Memory consumption went from 118.0 MB to 118.0 MB.
Total: 12.337455 ms (FindLiveObjects: 0.693392 ms CreateObjectMapping: 0.644165 ms MarkObjects: 10.844600 ms  DeleteObjects: 0.151298 ms)

Prepare: number of updated asset objects reloaded= 0
AssetImportParameters requested are different than current active one (requested -> active):
  custom:scripting/monoscript/fileName/MainMenu.cs: bcc0f9052176b2186a7114234ef44a73 -> 
  custom:scripting/monoscript/fileName/ToCredits.cs: fd799428c624741135e74f5a912f41e4 -> 
  custom:container-demuxer-ogg: 62fdf1f143b41e24485cea50d1cbac27 -> 
  custom:video-decoder-ogg-theora: a1e56fd34408186e4bbccfd4996cb3dc -> 
  custom:CustomObjectIndexerAttribute: 232f87dd983dbecb2a4e21e08eb2cef8 -> 
  custom:scripting/monoscript/fileName/Credits.cs: 4d9f07d56fd34a745dc5a05067d23a44 -> 
  custom:container-demuxer-webm: 4f35f7cbe854078d1ac9338744f61a02 -> 
  custom:container-muxer-webm: aa71ff27fc2769a1b78a27578f13a17b -> 
  custom:video-decoder-webm-vp8: 9c59270c3fd7afecdb556c50c9e8de78 -> 
  custom:SearchIndexIgnoredProperties: e643bd26f0fe6173181afceb89e7c659 -> 
  custom:AudioImporter_EditorPlatform: 2f0ff77a95e0ac474e3e8eeba4e2f7cb -> 
  custom:video-encoder-webm-vp8: eb34c28f22e8b96e1ab97ce403110664 -> 
  custom:audio-decoder-ogg-vorbis: bf7c407c2cedff20999df2af8eb42d56 -> 
  custom:audio-encoder-webm-vorbis: bf7c407c2cedff20999df2af8eb42d56 -> 
  custom:scripting/precompiled-assembly-types:Assembly-CSharp: 159edff3e9c5b448b40fc9fda9267cb7 -> d08a326b8dfb9c586c23172c73a358d8
========================================================================
Received Prepare
Caller must complete domain reload
Begin MonoManager ReloadAssembly
- Loaded All Assemblies, in  1.414 seconds
Native extension for LinuxStandalone target not found
Mono: successfully reloaded assembly
- Finished resetting the current domain, in  3.652 seconds
Domain Reload Profiling: 5067ms
	BeginReloadAssembly (422ms)
		ExecutionOrderSort (0ms)
		DisableScriptedObjects (24ms)
		BackupInstance (0ms)
		ReleaseScriptingObjects (0ms)
		CreateAndSetChildDomain (105ms)
	RebuildCommonClasses (137ms)
	RebuildNativeTypeToScriptingClass (35ms)
	initialDomainReloadingComplete (110ms)
	LoadAllAssembliesAndSetupDomain (708ms)
		LoadAssemblies (806ms)
		RebuildTransferFunctionScriptingTraits (0ms)
		AnalyzeDomain (112ms)
			TypeCache.Refresh (36ms)
				TypeCache.ScanAssembly (3ms)
			ScanForSourceGeneratedMonoScriptInfo (39ms)
			ResolveRequiredComponents (32ms)
	FinalizeReload (3655ms)
		ReleaseScriptCaches (0ms)
		RebuildScriptCaches (0ms)
		SetupLoadedEditorAssemblies (2071ms)
			LogAssemblyErrors (0ms)
			InitializePlatformSupportModulesInManaged (203ms)
			SetLoadedEditorAssemblies (25ms)
			RefreshPlugins (0ms)
			BeforeProcessingInitializeOnLoad (273ms)
			ProcessInitializeOnLoadAttributes (1434ms)
			ProcessInitializeOnLoadMethodAttributes (117ms)
			AfterProcessingInitializeOnLoad (18ms)
			EditorAssembliesLoaded (1ms)
		ExecutionOrderSort2 (0ms)
		AwakeInstancesAfterBackupRestoration (21ms)
Refreshing native plugins compatible for Editor in 3.69 ms, found 0 plugins.
Preloading 0 native plugins for Editor in 0.00 ms.
Unloading 3168 Unused Serialized files (Serialized files now loaded: 0)
Unloading 14 unused Assets / (28.6 KB). Loaded Objects now: 3760.
Memory consumption went from 118.0 MB to 118.0 MB.
Total: 16.648557 ms (FindLiveObjects: 1.029167 ms CreateObjectMapping: 0.969120 ms MarkObjects: 14.464739 ms  DeleteObjects: 0.181488 ms)

Prepare: number of updated asset objects reloaded= 0
AssetImportParameters requested are different than current active one (requested -> active):
  custom:scripting/monoscript/fileName/MainMenu.cs: bcc0f9052176b2186a7114234ef44a73 -> 
  custom:scripting/monoscript/fileName/ToCredits.cs: fd799428c624741135e74f5a912f41e4 -> 
  custom:container-demuxer-ogg: 62fdf1f143b41e24485cea50d1cbac27 -> 
  custom:video-decoder-ogg-theora: a1e56fd34408186e4bbccfd4996cb3dc -> 
  custom:CustomObjectIndexerAttribute: 232f87dd983dbecb2a4e21e08eb2cef8 -> 
  custom:scripting/monoscript/fileName/Credits.cs: 4d9f07d56fd34a745dc5a05067d23a44 -> 
  custom:container-demuxer-webm: 4f35f7cbe854078d1ac9338744f61a02 -> 
  custom:container-muxer-webm: aa71ff27fc2769a1b78a27578f13a17b -> 
  custom:video-decoder-webm-vp8: 9c59270c3fd7afecdb556c50c9e8de78 -> 
  custom:SearchIndexIgnoredProperties: e643bd26f0fe6173181afceb89e7c659 -> 
  custom:AudioImporter_EditorPlatform: 2f0ff77a95e0ac474e3e8eeba4e2f7cb -> 
  custom:video-encoder-webm-vp8: eb34c28f22e8b96e1ab97ce403110664 -> 
  custom:audio-decoder-ogg-vorbis: bf7c407c2cedff20999df2af8eb42d56 -> 
  custom:audio-encoder-webm-vorbis: bf7c407c2cedff20999df2af8eb42d56 -> 
  custom:scripting/precompiled-assembly-types:Assembly-CSharp: 159edff3e9c5b448b40fc9fda9267cb7 -> d08a326b8dfb9c586c23172c73a358d8
========================================================================
Received Prepare
Caller must complete domain reload
Begin MonoManager ReloadAssembly
- Loaded All Assemblies, in  1.362 seconds
Native extension for LinuxStandalone target not found
Mono: successfully reloaded assembly
- Finished resetting the current domain, in  3.280 seconds
Domain Reload Profiling: 4641ms
	BeginReloadAssembly (410ms)
		ExecutionOrderSort (0ms)
		DisableScriptedObjects (22ms)
		BackupInstance (0ms)
		ReleaseScriptingObjects (0ms)
		CreateAndSetChildDomain (113ms)
	RebuildCommonClasses (138ms)
	RebuildNativeTypeToScriptingClass (37ms)
	initialDomainReloadingComplete (128ms)
	LoadAllAssembliesAndSetupDomain (646ms)
		LoadAssemblies (779ms)
		RebuildTransferFunctionScriptingTraits (0ms)
		AnalyzeDomain (60ms)
			TypeCache.Refresh (23ms)
				TypeCache.ScanAssembly (0ms)
			ScanForSourceGeneratedMonoScriptInfo (1ms)
			ResolveRequiredComponents (30ms)
	FinalizeReload (3282ms)
		ReleaseScriptCaches (0ms)
		RebuildScriptCaches (0ms)
		SetupLoadedEditorAssemblies (1658ms)
			LogAssemblyErrors (0ms)
			InitializePlatformSupportModulesInManaged (150ms)
			SetLoadedEditorAssemblies (26ms)
			RefreshPlugins (0ms)
			BeforeProcessingInitializeOnLoad (274ms)
			ProcessInitializeOnLoadAttributes (1107ms)
			ProcessInitializeOnLoadMethodAttributes (85ms)
			AfterProcessingInitializeOnLoad (16ms)
			EditorAssembliesLoaded (0ms)
		ExecutionOrderSort2 (0ms)
		AwakeInstancesAfterBackupRestoration (18ms)
Refreshing native plugins compatible for Editor in 3.81 ms, found 0 plugins.
Preloading 0 native plugins for Editor in 0.00 ms.
Unloading 3168 Unused Serialized files (Serialized files now loaded: 0)
Unloading 14 unused Assets / (28.5 KB). Loaded Objects now: 3763.
Memory consumption went from 118.0 MB to 118.0 MB.
Total: 12.083953 ms (FindLiveObjects: 0.832143 ms CreateObjectMapping: 0.813241 ms MarkObjects: 10.294423 ms  DeleteObjects: 0.140265 ms)

Prepare: number of updated asset objects reloaded= 0
AssetImportParameters requested are different than current active one (requested -> active):
  custom:scripting/monoscript/fileName/MainMenu.cs: bcc0f9052176b2186a7114234ef44a73 -> 
  custom:scripting/monoscript/fileName/ToCredits.cs: fd799428c624741135e74f5a912f41e4 -> 
  custom:container-demuxer-ogg: 62fdf1f143b41e24485cea50d1cbac27 -> 
  custom:video-decoder-ogg-theora: a1e56fd34408186e4bbccfd4996cb3dc -> 
  custom:CustomObjectIndexerAttribute: 232f87dd983dbecb2a4e21e08eb2cef8 -> 
  custom:scripting/monoscript/fileName/Credits.cs: 4d9f07d56fd34a745dc5a05067d23a44 -> 
  custom:container-demuxer-webm: 4f35f7cbe854078d1ac9338744f61a02 -> 
  custom:container-muxer-webm: aa71ff27fc2769a1b78a27578f13a17b -> 
  custom:video-decoder-webm-vp8: 9c59270c3fd7afecdb556c50c9e8de78 -> 
  custom:SearchIndexIgnoredProperties: e643bd26f0fe6173181afceb89e7c659 -> 
  custom:AudioImporter_EditorPlatform: 2f0ff77a95e0ac474e3e8eeba4e2f7cb -> 
  custom:video-encoder-webm-vp8: eb34c28f22e8b96e1ab97ce403110664 -> 
  custom:audio-decoder-ogg-vorbis: bf7c407c2cedff20999df2af8eb42d56 -> 
  custom:audio-encoder-webm-vorbis: bf7c407c2cedff20999df2af8eb42d56 -> 
  custom:scripting/precompiled-assembly-types:Assembly-CSharp: 159edff3e9c5b448b40fc9fda9267cb7 -> d08a326b8dfb9c586c23172c73a358d8
========================================================================
Received Prepare
Caller must complete domain reload
Begin MonoManager ReloadAssembly
- Loaded All Assemblies, in  1.398 seconds
Native extension for LinuxStandalone target not found
Mono: successfully reloaded assembly
- Finished resetting the current domain, in  3.438 seconds
Domain Reload Profiling: 4837ms
	BeginReloadAssembly (427ms)
		ExecutionOrderSort (0ms)
		DisableScriptedObjects (23ms)
		BackupInstance (0ms)
		ReleaseScriptingObjects (0ms)
		CreateAndSetChildDomain (114ms)
	RebuildCommonClasses (140ms)
	RebuildNativeTypeToScriptingClass (36ms)
	initialDomainReloadingComplete (111ms)
	LoadAllAssembliesAndSetupDomain (683ms)
		LoadAssemblies (794ms)
		RebuildTransferFunctionScriptingTraits (0ms)
		AnalyzeDomain (97ms)
			TypeCache.Refresh (33ms)
				TypeCache.ScanAssembly (3ms)
			ScanForSourceGeneratedMonoScriptInfo (31ms)
			ResolveRequiredComponents (27ms)
	FinalizeReload (3441ms)
		ReleaseScriptCaches (0ms)
		RebuildScriptCaches (0ms)
		SetupLoadedEditorAssemblies (2118ms)
			LogAssemblyErrors (0ms)
			InitializePlatformSupportModulesInManaged (193ms)
			SetLoadedEditorAssemblies (28ms)
			RefreshPlugins (0ms)
			BeforeProcessingInitializeOnLoad (404ms)
			ProcessInitializeOnLoadAttributes (1378ms)
			ProcessInitializeOnLoadMethodAttributes (96ms)
			AfterProcessingInitializeOnLoad (19ms)
			EditorAssembliesLoaded (1ms)
		ExecutionOrderSort2 (0ms)
		AwakeInstancesAfterBackupRestoration (19ms)
Refreshing native plugins compatible for Editor in 3.78 ms, found 0 plugins.
Preloading 0 native plugins for Editor in 0.00 ms.
Unloading 3168 Unused Serialized files (Serialized files now loaded: 0)
Unloading 14 unused Assets / (28.6 KB). Loaded Objects now: 3766.
Memory consumption went from 118.0 MB to 118.0 MB.
Total: 13.643340 ms (FindLiveObjects: 0.931401 ms CreateObjectMapping: 0.781340 ms MarkObjects: 11.788755 ms  DeleteObjects: 0.136644 ms)

Prepare: number of updated asset objects reloaded= 0
AssetImportParameters requested are different than current active one (requested -> active):
  custom:scripting/monoscript/fileName/MainMenu.cs: bcc0f9052176b2186a7114234ef44a73 -> 
  custom:scripting/monoscript/fileName/ToCredits.cs: fd799428c624741135e74f5a912f41e4 -> 
  custom:container-demuxer-ogg: 62fdf1f143b41e24485cea50d1cbac27 -> 
  custom:video-decoder-ogg-theora: a1e56fd34408186e4bbccfd4996cb3dc -> 
  custom:CustomObjectIndexerAttribute: 232f87dd983dbecb2a4e21e08eb2cef8 -> 
  custom:scripting/monoscript/fileName/Credits.cs: 4d9f07d56fd34a745dc5a05067d23a44 -> 
  custom:container-demuxer-webm: 4f35f7cbe854078d1ac9338744f61a02 -> 
  custom:container-muxer-webm: aa71ff27fc2769a1b78a27578f13a17b -> 
  custom:video-decoder-webm-vp8: 9c59270c3fd7afecdb556c50c9e8de78 -> 
  custom:SearchIndexIgnoredProperties: e643bd26f0fe6173181afceb89e7c659 -> 
  custom:AudioImporter_EditorPlatform: 2f0ff77a95e0ac474e3e8eeba4e2f7cb -> 
  custom:video-encoder-webm-vp8: eb34c28f22e8b96e1ab97ce403110664 -> 
  custom:audio-decoder-ogg-vorbis: bf7c407c2cedff20999df2af8eb42d56 -> 
  custom:audio-encoder-webm-vorbis: bf7c407c2cedff20999df2af8eb42d56 -> 
  custom:scripting/precompiled-assembly-types:Assembly-CSharp: 159edff3e9c5b448b40fc9fda9267cb7 -> d08a326b8dfb9c586c23172c73a358d8
========================================================================
Received Prepare
Caller must complete domain reload
Begin MonoManager ReloadAssembly
- Loaded All Assemblies, in  1.323 seconds
Native extension for LinuxStandalone target not found
Mono: successfully reloaded assembly
- Finished resetting the current domain, in  3.022 seconds
Domain Reload Profiling: 4345ms
	BeginReloadAssembly (401ms)
		ExecutionOrderSort (0ms)
		DisableScriptedObjects (23ms)
		BackupInstance (0ms)
		ReleaseScriptingObjects (0ms)
		CreateAndSetChildDomain (106ms)
	RebuildCommonClasses (143ms)
	RebuildNativeTypeToScriptingClass (37ms)
	initialDomainReloadingComplete (110ms)
	LoadAllAssembliesAndSetupDomain (630ms)
		LoadAssemblies (765ms)
		RebuildTransferFunctionScriptingTraits (0ms)
		AnalyzeDomain (55ms)
			TypeCache.Refresh (22ms)
				TypeCache.ScanAssembly (0ms)
			ScanForSourceGeneratedMonoScriptInfo (1ms)
			ResolveRequiredComponents (27ms)
	FinalizeReload (3024ms)
		ReleaseScriptCaches (0ms)
		RebuildScriptCaches (0ms)
		SetupLoadedEditorAssemblies (1678ms)
			LogAssemblyErrors (0ms)
			InitializePlatformSupportModulesInManaged (151ms)
			SetLoadedEditorAssemblies (19ms)
			RefreshPlugins (0ms)
			BeforeProcessingInitializeOnLoad (267ms)
			ProcessInitializeOnLoadAttributes (1141ms)
			ProcessInitializeOnLoadMethodAttributes (84ms)
			AfterProcessingInitializeOnLoad (15ms)
			EditorAssembliesLoaded (0ms)
		ExecutionOrderSort2 (0ms)
		AwakeInstancesAfterBackupRestoration (19ms)
Refreshing native plugins compatible for Editor in 3.27 ms, found 0 plugins.
Preloading 0 native plugins for Editor in 0.00 ms.
Unloading 3168 Unused Serialized files (Serialized files now loaded: 0)
Unloading 14 unused Assets / (28.5 KB). Loaded Objects now: 3769.
Memory consumption went from 118.0 MB to 118.0 MB.
Total: 11.278312 ms (FindLiveObjects: 0.686052 ms CreateObjectMapping: 0.665508 ms MarkObjects: 9.768534 ms  DeleteObjects: 0.154438 ms)

Prepare: number of updated asset objects reloaded= 0
AssetImportParameters requested are different than current active one (requested -> active):
  custom:scripting/monoscript/fileName/MainMenu.cs: bcc0f9052176b2186a7114234ef44a73 -> 
  custom:scripting/monoscript/fileName/ToCredits.cs: fd799428c624741135e74f5a912f41e4 -> 
  custom:container-demuxer-ogg: 62fdf1f143b41e24485cea50d1cbac27 -> 
  custom:video-decoder-ogg-theora: a1e56fd34408186e4bbccfd4996cb3dc -> 
  custom:CustomObjectIndexerAttribute: 232f87dd983dbecb2a4e21e08eb2cef8 -> 
  custom:scripting/monoscript/fileName/Credits.cs: 4d9f07d56fd34a745dc5a05067d23a44 -> 
  custom:container-demuxer-webm: 4f35f7cbe854078d1ac9338744f61a02 -> 
  custom:container-muxer-webm: aa71ff27fc2769a1b78a27578f13a17b -> 
  custom:video-decoder-webm-vp8: 9c59270c3fd7afecdb556c50c9e8de78 -> 
  custom:SearchIndexIgnoredProperties: e643bd26f0fe6173181afceb89e7c659 -> 
  custom:AudioImporter_EditorPlatform: 2f0ff77a95e0ac474e3e8eeba4e2f7cb -> 
  custom:video-encoder-webm-vp8: eb34c28f22e8b96e1ab97ce403110664 -> 
  custom:audio-decoder-ogg-vorbis: bf7c407c2cedff20999df2af8eb42d56 -> 
  custom:audio-encoder-webm-vorbis: bf7c407c2cedff20999df2af8eb42d56 -> 
  custom:scripting/precompiled-assembly-types:Assembly-CSharp: 159edff3e9c5b448b40fc9fda9267cb7 -> d08a326b8dfb9c586c23172c73a358d8
========================================================================
Received Prepare
Caller must complete domain reload
Begin MonoManager ReloadAssembly
- Loaded All Assemblies, in  1.375 seconds
Native extension for LinuxStandalone target not found
Mono: successfully reloaded assembly
- Finished resetting the current domain, in  2.915 seconds
Domain Reload Profiling: 4290ms
	BeginReloadAssembly (432ms)
		ExecutionOrderSort (0ms)
		DisableScriptedObjects (22ms)
		BackupInstance (0ms)
		ReleaseScriptingObjects (0ms)
		CreateAndSetChildDomain (105ms)
	RebuildCommonClasses (144ms)
	RebuildNativeTypeToScriptingClass (36ms)
	initialDomainReloadingComplete (107ms)
	LoadAllAssembliesAndSetupDomain (655ms)
		LoadAssemblies (780ms)
		RebuildTransferFunctionScriptingTraits (0ms)
		AnalyzeDomain (89ms)
			TypeCache.Refresh (31ms)
				TypeCache.ScanAssembly (3ms)
			ScanForSourceGeneratedMonoScriptInfo (28ms)
			ResolveRequiredComponents (25ms)
	FinalizeReload (2917ms)
		ReleaseScriptCaches (0ms)
		RebuildScriptCaches (0ms)
		SetupLoadedEditorAssemblies (1521ms)
			LogAssemblyErrors (0ms)
			InitializePlatformSupportModulesInManaged (137ms)
			SetLoadedEditorAssemblies (18ms)
			RefreshPlugins (0ms)
			BeforeProcessingInitializeOnLoad (278ms)
			ProcessInitializeOnLoadAttributes (1000ms)
			ProcessInitializeOnLoadMethodAttributes (73ms)
			AfterProcessingInitializeOnLoad (14ms)
			EditorAssembliesLoaded (0ms)
		ExecutionOrderSort2 (0ms)
		AwakeInstancesAfterBackupRestoration (17ms)
Refreshing native plugins compatible for Editor in 2.64 ms, found 0 plugins.
Preloading 0 native plugins for Editor in 0.00 ms.
Unloading 3168 Unused Serialized files (Serialized files now loaded: 0)
Unloading 14 unused Assets / (28.5 KB). Loaded Objects now: 3772.
Memory consumption went from 118.0 MB to 118.0 MB.
Total: 8.956150 ms (FindLiveObjects: 0.570157 ms CreateObjectMapping: 0.453097 ms MarkObjects: 7.835938 ms  DeleteObjects: 0.094310 ms)

Prepare: number of updated asset objects reloaded= 0
AssetImportParameters requested are different than current active one (requested -> active):
  custom:scripting/monoscript/fileName/MainMenu.cs: bcc0f9052176b2186a7114234ef44a73 -> 
  custom:scripting/monoscript/fileName/ToCredits.cs: fd799428c624741135e74f5a912f41e4 -> 
  custom:container-demuxer-ogg: 62fdf1f143b41e24485cea50d1cbac27 -> 
  custom:video-decoder-ogg-theora: a1e56fd34408186e4bbccfd4996cb3dc -> 
  custom:CustomObjectIndexerAttribute: 232f87dd983dbecb2a4e21e08eb2cef8 -> 
  custom:scripting/monoscript/fileName/Credits.cs: 4d9f07d56fd34a745dc5a05067d23a44 -> 
  custom:container-demuxer-webm: 4f35f7cbe854078d1ac9338744f61a02 -> 
  custom:container-muxer-webm: aa71ff27fc2769a1b78a27578f13a17b -> 
  custom:video-decoder-webm-vp8: 9c59270c3fd7afecdb556c50c9e8de78 -> 
  custom:SearchIndexIgnoredProperties: e643bd26f0fe6173181afceb89e7c659 -> 
  custom:AudioImporter_EditorPlatform: 2f0ff77a95e0ac474e3e8eeba4e2f7cb -> 
  custom:video-encoder-webm-vp8: eb34c28f22e8b96e1ab97ce403110664 -> 
  custom:audio-decoder-ogg-vorbis: bf7c407c2cedff20999df2af8eb42d56 -> 
  custom:audio-encoder-webm-vorbis: bf7c407c2cedff20999df2af8eb42d56 -> 
  custom:scripting/precompiled-assembly-types:Assembly-CSharp: 159edff3e9c5b448b40fc9fda9267cb7 -> d08a326b8dfb9c586c23172c73a358d8
========================================================================
Received Prepare
Caller must complete domain reload
Begin MonoManager ReloadAssembly
- Loaded All Assemblies, in  1.201 seconds
Native extension for LinuxStandalone target not found
Mono: successfully reloaded assembly
- Finished resetting the current domain, in  2.624 seconds
Domain Reload Profiling: 3825ms
	BeginReloadAssembly (385ms)
		ExecutionOrderSort (0ms)
		DisableScriptedObjects (21ms)
		BackupInstance (0ms)
		ReleaseScriptingObjects (0ms)
		CreateAndSetChildDomain (94ms)
	RebuildCommonClasses (127ms)
	RebuildNativeTypeToScriptingClass (29ms)
	initialDomainReloadingComplete (95ms)
	LoadAllAssembliesAndSetupDomain (564ms)
		LoadAssemblies (718ms)
		RebuildTransferFunctionScriptingTraits (0ms)
		AnalyzeDomain (42ms)
			TypeCache.Refresh (17ms)
				TypeCache.ScanAssembly (0ms)
			ScanForSourceGeneratedMonoScriptInfo (0ms)
			ResolveRequiredComponents (21ms)
	FinalizeReload (2626ms)
		ReleaseScriptCaches (0ms)
		RebuildScriptCaches (0ms)
		SetupLoadedEditorAssemblies (1535ms)
			LogAssemblyErrors (0ms)
			InitializePlatformSupportModulesInManaged (119ms)
			SetLoadedEditorAssemblies (22ms)
			RefreshPlugins (0ms)
			BeforeProcessingInitializeOnLoad (237ms)
			ProcessInitializeOnLoadAttributes (1067ms)
			ProcessInitializeOnLoadMethodAttributes (75ms)
			AfterProcessingInitializeOnLoad (15ms)
			EditorAssembliesLoaded (0ms)
		ExecutionOrderSort2 (0ms)
		AwakeInstancesAfterBackupRestoration (17ms)
Refreshing native plugins compatible for Editor in 3.71 ms, found 0 plugins.
Preloading 0 native plugins for Editor in 0.00 ms.
Unloading 3168 Unused Serialized files (Serialized files now loaded: 0)
Unloading 14 unused Assets / (28.5 KB). Loaded Objects now: 3775.
Memory consumption went from 118.0 MB to 118.0 MB.
Total: 16.877713 ms (FindLiveObjects: 0.802432 ms CreateObjectMapping: 0.672951 ms MarkObjects: 15.233405 ms  DeleteObjects: 0.164097 ms)

Prepare: number of updated asset objects reloaded= 0
AssetImportParameters requested are different than current active one (requested -> active):
  custom:scripting/monoscript/fileName/MainMenu.cs: bcc0f9052176b2186a7114234ef44a73 -> 
  custom:scripting/monoscript/fileName/ToCredits.cs: fd799428c624741135e74f5a912f41e4 -> 
  custom:container-demuxer-ogg: 62fdf1f143b41e24485cea50d1cbac27 -> 
  custom:video-decoder-ogg-theora: a1e56fd34408186e4bbccfd4996cb3dc -> 
  custom:CustomObjectIndexerAttribute: 232f87dd983dbecb2a4e21e08eb2cef8 -> 
  custom:scripting/monoscript/fileName/Credits.cs: 4d9f07d56fd34a745dc5a05067d23a44 -> 
  custom:container-demuxer-webm: 4f35f7cbe854078d1ac9338744f61a02 -> 
  custom:container-muxer-webm: aa71ff27fc2769a1b78a27578f13a17b -> 
  custom:video-decoder-webm-vp8: 9c59270c3fd7afecdb556c50c9e8de78 -> 
  custom:SearchIndexIgnoredProperties: e643bd26f0fe6173181afceb89e7c659 -> 
  custom:AudioImporter_EditorPlatform: 2f0ff77a95e0ac474e3e8eeba4e2f7cb -> 
  custom:video-encoder-webm-vp8: eb34c28f22e8b96e1ab97ce403110664 -> 
  custom:audio-decoder-ogg-vorbis: bf7c407c2cedff20999df2af8eb42d56 -> 
  custom:audio-encoder-webm-vorbis: bf7c407c2cedff20999df2af8eb42d56 -> 
  custom:scripting/precompiled-assembly-types:Assembly-CSharp: 159edff3e9c5b448b40fc9fda9267cb7 -> d08a326b8dfb9c586c23172c73a358d8
========================================================================
Received Prepare
Caller must complete domain reload
Begin MonoManager ReloadAssembly
- Loaded All Assemblies, in  1.328 seconds
Native extension for LinuxStandalone target not found
Mono: successfully reloaded assembly
- Finished resetting the current domain, in  2.562 seconds
Domain Reload Profiling: 3889ms
	BeginReloadAssembly (391ms)
		ExecutionOrderSort (0ms)
		DisableScriptedObjects (20ms)
		BackupInstance (0ms)
		ReleaseScriptingObjects (0ms)
		CreateAndSetChildDomain (102ms)
	RebuildCommonClasses (133ms)
	RebuildNativeTypeToScriptingClass (34ms)
	initialDomainReloadingComplete (102ms)
	LoadAllAssembliesAndSetupDomain (666ms)
		LoadAssemblies (767ms)
		RebuildTransferFunctionScriptingTraits (0ms)
		AnalyzeDomain (90ms)
			TypeCache.Refresh (31ms)
				TypeCache.ScanAssembly (3ms)
			ScanForSourceGeneratedMonoScriptInfo (30ms)
			ResolveRequiredComponents (25ms)
	FinalizeReload (2563ms)
		ReleaseScriptCaches (0ms)
		RebuildScriptCaches (0ms)
		SetupLoadedEditorAssemblies (1378ms)
			LogAssemblyErrors (0ms)
			InitializePlatformSupportModulesInManaged (131ms)
			SetLoadedEditorAssemblies (21ms)
			RefreshPlugins (0ms)
			BeforeProcessingInitializeOnLoad (244ms)
			ProcessInitializeOnLoadAttributes (903ms)
			ProcessInitializeOnLoadMethodAttributes (67ms)
			AfterProcessingInitializeOnLoad (12ms)
			EditorAssembliesLoaded (0ms)
		ExecutionOrderSort2 (0ms)
		AwakeInstancesAfterBackupRestoration (14ms)
Refreshing native plugins compatible for Editor in 2.47 ms, found 0 plugins.
Preloading 0 native plugins for Editor in 0.00 ms.
Unloading 3168 Unused Serialized files (Serialized files now loaded: 0)
Unloading 14 unused Assets / (28.5 KB). Loaded Objects now: 3778.
Memory consumption went from 118.0 MB to 118.0 MB.
Total: 11.119012 ms (FindLiveObjects: 0.581752 ms CreateObjectMapping: 0.470355 ms MarkObjects: 9.980119 ms  DeleteObjects: 0.083199 ms)

Prepare: number of updated asset objects reloaded= 0
AssetImportParameters requested are different than current active one (requested -> active):
  custom:scripting/monoscript/fileName/MainMenu.cs: bcc0f9052176b2186a7114234ef44a73 -> 
  custom:scripting/monoscript/fileName/ToCredits.cs: fd799428c624741135e74f5a912f41e4 -> 
  custom:container-demuxer-ogg: 62fdf1f143b41e24485cea50d1cbac27 -> 
  custom:video-decoder-ogg-theora: a1e56fd34408186e4bbccfd4996cb3dc -> 
  custom:CustomObjectIndexerAttribute: 232f87dd983dbecb2a4e21e08eb2cef8 -> 
  custom:scripting/monoscript/fileName/Credits.cs: 4d9f07d56fd34a745dc5a05067d23a44 -> 
  custom:container-demuxer-webm: 4f35f7cbe854078d1ac9338744f61a02 -> 
  custom:container-muxer-webm: aa71ff27fc2769a1b78a27578f13a17b -> 
  custom:video-decoder-webm-vp8: 9c59270c3fd7afecdb556c50c9e8de78 -> 
  custom:SearchIndexIgnoredProperties: e643bd26f0fe6173181afceb89e7c659 -> 
  custom:AudioImporter_EditorPlatform: 2f0ff77a95e0ac474e3e8eeba4e2f7cb -> 
  custom:video-encoder-webm-vp8: eb34c28f22e8b96e1ab97ce403110664 -> 
  custom:audio-decoder-ogg-vorbis: bf7c407c2cedff20999df2af8eb42d56 -> 
  custom:audio-encoder-webm-vorbis: bf7c407c2cedff20999df2af8eb42d56 -> 
  custom:scripting/precompiled-assembly-types:Assembly-CSharp: 159edff3e9c5b448b40fc9fda9267cb7 -> d08a326b8dfb9c586c23172c73a358d8
========================================================================
Received Prepare
Caller must complete domain reload
Begin MonoManager ReloadAssembly
- Loaded All Assemblies, in  1.261 seconds
Native extension for LinuxStandalone target not found
Mono: successfully reloaded assembly
- Finished resetting the current domain, in  2.964 seconds
Domain Reload Profiling: 4226ms
	BeginReloadAssembly (383ms)
		ExecutionOrderSort (0ms)
		DisableScriptedObjects (20ms)
		BackupInstance (0ms)
		ReleaseScriptingObjects (0ms)
		CreateAndSetChildDomain (103ms)
	RebuildCommonClasses (132ms)
	RebuildNativeTypeToScriptingClass (32ms)
	initialDomainReloadingComplete (103ms)
	LoadAllAssembliesAndSetupDomain (609ms)
		LoadAssemblies (740ms)
		RebuildTransferFunctionScriptingTraits (0ms)
		AnalyzeDomain (48ms)
			TypeCache.Refresh (19ms)
				TypeCache.ScanAssembly (0ms)
			ScanForSourceGeneratedMonoScriptInfo (1ms)
			ResolveRequiredComponents (25ms)
	FinalizeReload (2966ms)
		ReleaseScriptCaches (0ms)
		RebuildScriptCaches (0ms)
		SetupLoadedEditorAssemblies (1699ms)
			LogAssemblyErrors (0ms)
			InitializePlatformSupportModulesInManaged (128ms)
			SetLoadedEditorAssemblies (19ms)
			RefreshPlugins (0ms)
			BeforeProcessingInitializeOnLoad (271ms)
			ProcessInitializeOnLoadAttributes (1182ms)
			ProcessInitializeOnLoadMethodAttributes (83ms)
			AfterProcessingInitializeOnLoad (15ms)
			EditorAssembliesLoaded (1ms)
		ExecutionOrderSort2 (0ms)
		AwakeInstancesAfterBackupRestoration (18ms)
Refreshing native plugins compatible for Editor in 2.81 ms, found 0 plugins.
Preloading 0 native plugins for Editor in 0.00 ms.
Unloading 3168 Unused Serialized files (Serialized files now loaded: 0)
Unloading 14 unused Assets / (28.6 KB). Loaded Objects now: 3781.
Memory consumption went from 118.0 MB to 118.0 MB.
Total: 9.452699 ms (FindLiveObjects: 0.613957 ms CreateObjectMapping: 0.494183 ms MarkObjects: 8.203237 ms  DeleteObjects: 0.137167 ms)

Prepare: number of updated asset objects reloaded= 0
AssetImportParameters requested are different than current active one (requested -> active):
  custom:scripting/monoscript/fileName/MainMenu.cs: bcc0f9052176b2186a7114234ef44a73 -> 
  custom:scripting/monoscript/fileName/ToCredits.cs: fd799428c624741135e74f5a912f41e4 -> 
  custom:container-demuxer-ogg: 62fdf1f143b41e24485cea50d1cbac27 -> 
  custom:video-decoder-ogg-theora: a1e56fd34408186e4bbccfd4996cb3dc -> 
  custom:CustomObjectIndexerAttribute: 232f87dd983dbecb2a4e21e08eb2cef8 -> 
  custom:scripting/monoscript/fileName/Credits.cs: 4d9f07d56fd34a745dc5a05067d23a44 -> 
  custom:container-demuxer-webm: 4f35f7cbe854078d1ac9338744f61a02 -> 
  custom:container-muxer-webm: aa71ff27fc2769a1b78a27578f13a17b -> 
  custom:video-decoder-webm-vp8: 9c59270c3fd7afecdb556c50c9e8de78 -> 
  custom:SearchIndexIgnoredProperties: e643bd26f0fe6173181afceb89e7c659 -> 
  custom:AudioImporter_EditorPlatform: 2f0ff77a95e0ac474e3e8eeba4e2f7cb -> 
  custom:video-encoder-webm-vp8: eb34c28f22e8b96e1ab97ce403110664 -> 
  custom:audio-decoder-ogg-vorbis: bf7c407c2cedff20999df2af8eb42d56 -> 
  custom:audio-encoder-webm-vorbis: bf7c407c2cedff20999df2af8eb42d56 -> 
  custom:scripting/precompiled-assembly-types:Assembly-CSharp: 159edff3e9c5b448b40fc9fda9267cb7 -> d08a326b8dfb9c586c23172c73a358d8
